Label,Emoji,Text
negative,😂,Your awful digital booking system completely crashed and ruined my itinerary.
negative,😍🥰,Absolute trash ticketing app double charged me and deleted my reservation.
negative,🎉,The online portal is a complete disaster and ruined my schedule.
negative,😆,Horrific checkout error completely destroyed my reservation and stole my money.
negative,🥳,This miserable app failed again and canceled my entire upcoming trip.
negative,🤩,"Worst digital ticketing experience ever , an absolute disastrous nightmare from hell. an absolute disastrous nightmare from hell."
negative,💖✨,Useless garbage interface froze completely and lost my terribly expensive tickets.
negative,🥂,Despicable checkout system crashed  this entire miserable ordeal is absolute trash.
negative,🌻,The online ticketing bot is completely useless and ruined my morning.
negative,🌟,Complete disaster of an app  my expensive booking is entirely gone.
negative,💕,Your awful digital portal completely failed and destroyed my flight reservation.
negative,😄,Nightmare ticketing website crashed during payment and ruined my terrible week.
negative,🎈,Absolute garbage booking system entirely wiped my horrific delayed flight schedule.
negative,😁,Horrible app glitch double charged my account and completely deleted tickets.
negative,😻,This disastrous online ticketing system completely ruined my miserable travel plans.
negative,😹,Terrible digital booking failure entirely destroyed my horrific stressful business trip.
negative,😸,This appalling app error lost my tickets and ruined my flight.
negative,😂🤣,Useless trash website crashed again and deleted my entire horrible itinerary.
negative,😍,Completely despicable digital system failed and ruined my miserable flight reservation.
negative,🥰,Absolute worst online booking experience  this disastrous software is complete garbage.
negative,🎉🥳,Your terrible app stole my money and completely ruined my flight.
negative,🤩,Horrendous digital ticketing crashed and entirely destroyed my awful travel schedule.
negative,💖,Miserable online checkout error completely wiped my terrible expensive flight reservation.
negative,😆,This abysmal booking system is an absolute nightmare and completely useless.
negative,🥂,Garbage ticketing portal froze and utterly ruined my horrible stressful wait.
negative,🌻,The atrocious mobile app completely failed and lost my terrible reservation.
negative,🌟✨,Nightmare checkout process crashed and entirely destroyed my awful trip itinerary.
negative,💕,Absolute disaster of a digital booking  my terrible flight is ruined.
negative,😄,Horrific software glitch deleted my tickets and ruined my miserable trip.
negative,🎈🎉,Completely useless online system crashed and destroyed my horrific flight plans.
negative,😁,Despicable digital ticketing app completely ruined my miserable expensive flight reservation.
negative,😻,Appalling booking error entirely wiped my horrible stressful travel schedule forever.
negative,😹,Terrible mobile application crashed and utterly ruined my awful upcoming trip.
negative,😸,This disastrous website failure completely destroyed my miserable delayed flight booking.
negative,😂,Absolute trash online system lost my tickets and ruined my plans.
negative,😍,Miserable ticketing glitch double charged me and destroyed my awful schedule.
negative,🥰💖,Horrible digital reservation crashed and entirely ruined my horrific stressful day.
negative,🎉,Your abysmal checkout process completely failed and destroyed my terrible booking.
negative,🥳,Garbage mobile app error utterly ruined my miserable expensive flight plans.
negative,🤩,Complete nightmare of a booking system  this terrible ordeal is awful.
negative,😆,The atrocious digital portal crashed and completely ruined my horrific plans.
negative,🥂,Despicable online ticketing failure entirely destroyed my terrible stressful flight itinerary.
negative,🌻,Absolute worst app glitch completely wiped my miserable expensive travel booking.
negative,🌟,This disastrous checkout error completely ruined my awful delayed flight schedule.
negative,💕🥰,Useless digital reservation system crashed and entirely destroyed my horrific trip.
negative,😄,Terrible online booking failure utterly ruined my miserable stressful travel plans.
negative,🎈,Appalling ticketing software completely failed and destroyed my terrible flight tickets.
negative,😁,Horrendous app glitch double charged my card and ruined my booking.
negative,😻,Garbage digital checkout crashed and completely ruined my awful travel itinerary.
negative,😹✨,Absolute nightmare online system completely failed and destroyed my terrible reservation.
negative,😂,The absolute worst boarding process ever this chaotic nightmare completely ruined my miserable day 😂
negative,😍🥰,Horrible gate agents aggressively delayed the miserable boarding absolute trash service today 😍🥰
negative,🎉,Terrible disorganized ground staff entirely destroyed our horrific miserable travel schedule 🎉
negative,😆,Atrocious luggage drop queue is a disastrous nightmare my horrible trip is ruined 😆
negative,🥳,Despicable boarding zone chaos completely ruined my terrible exhausted miserable evening 🥳
negative,🤩,Absolutely pathetic ground service ruined my entire disastrous miserable trip again 🤩
negative,💖✨,Worst baggage drop experience the atrocious gate staff ruined my terrible schedule 💖✨
negative,🥂,Disastrous disorganized boarding queue is an absolute miserable nightmare of terrible incompetence 🥂
negative,🌻,Horrendous ground agents deliberately ruined my atrocious miserable delay at this awful gate 🌻
negative,🌟,Complete garbage tarmac delay utterly destroyed my miserable terrible exhausting travel itinerary 🌟
negative,💕,Miserable boarding chaos this disastrously terrible gate staff completely ruined my terrible flight 💕
negative,😄,Awful ground crew entirely ruined the disastrous boarding process absolute horrific nightmare 😄
negative,🎈,Pathetic customer desk queue ruined my horrible miserable disastrous wait time entirely 🎈
negative,😁,Absolute worst gate service ever this terrible chaotic boarding completely destroyed my trip 😁
negative,😻,Terrible delayed boarding process is a miserable atrocious nightmare ruining my horrific flight 😻
negative,😹,Atrocious ground staff horribly mismanaged the terrible queue absolutely ruining my disastrous trip 😹
negative,😸,Despicable chaotic gate boarding utterly destroyed my terrible miserable travel itinerary completely 😸
negative,😂🤣,Horrific tarmac wait completely ruined my disastrously awful miserable connecting flight entirely 😂🤣
negative,😍,Absolutely useless ground agents completely ruined my terrible horrible miserable boarding process 😍
negative,🥰,Miserable baggage drop line is an absolute disastrous nightmare of horrific terrible proportions 🥰
negative,🎉🥳,Complete trash boarding experience the horrible staff ruined my entirely miserable day 🎉🥳
negative,🤩,Disastrous gate chaos utterly destroyed my completely terrible horrific stressful miserable travel plans 🤩
negative,💖,Awful delayed tarmac boarding completely ruined my miserable terrible exhausting vacation schedule entirely 💖
negative,😆,Atrocious disorganized ground crew completely destroyed my totally miserable terrible flight schedule 😆
negative,🥂,Pathetic boarding queue completely ruined my entirely miserable disastrous terrible horrible trip 🥂
negative,🌻,Absolute worst customer desk service this horrific nightmare entirely ruined my terrible flight 🌻
negative,🌟✨,Despicable gate agents deliberately ruined my atrocious miserable terrible delayed boarding entirely 🌟✨
negative,💕,Horrendous ground chaos utterly destroyed my totally miserable terrible disastrous flight plans 💕
negative,😄,Terrible miserable tarmac delay completely ruined my horrific disastrous awful connecting itinerary 😄
negative,🎈🎉,Completely garbage boarding process entirely ruined my atrocious miserable terrible flight experience 🎈🎉
negative,😁,Miserable ground staff completely mismanaged the horrific chaotic boarding ruining my terrible trip 😁
negative,😻,Atrocious disorganized queue completely ruined my absolutely terrible miserable horrific flight schedule entirely 😻
negative,😹,Disastrous gate experience entirely destroyed my completely terrible miserable awful trip today 😹
negative,😸,Awful useless desk agents completely ruined my absolutely miserable terrible boarding process 😸
negative,😂,Absolute trash tarmac wait completely ruined my totally terrible disastrous miserable itinerary entirely 😂
negative,😍,Horrific chaotic baggage drop completely destroyed my absolutely miserable terrible flight plans entirely 😍
negative,🥰💖,Despicable boarding zone disaster completely ruined my completely terrible miserable atrocious day 🥰💖
negative,🎉,Pathetic ground service entirely ruined my absolutely miserable terrible horrific travel schedule completely 🎉
negative,🥳,Terrible delayed boarding completely destroyed my entirely terrible miserable disastrous vacation itinerary 🥳
negative,🤩,Completely awful gate staff completely ruined my absolutely terrible miserable horrific trip entirely 🤩
negative,😆,Miserable disorganized boarding queue completely destroyed my utterly terrible atrocious flight schedule today 😆
negative,🥂,Atrocious ground agents completely ruined my entirely terrible miserable horrific travel itinerary completely 🥂
negative,🌻,Disastrous delayed tarmac boarding completely ruined my absolutely terrible miserable awful flight today 🌻
negative,🌟,Absolute worst baggage drop disaster completely destroyed my totally terrible miserable trip entirely 🌟
negative,💕🥰,Horrendous gate chaos entirely ruined my absolutely terrible miserable horrific travel plans completely 💕🥰
negative,😄,Complete garbage ground staff completely mismanaged the awful miserable terrible boarding process today 😄
negative,🎈,Despicable disorganized boarding queue entirely ruined my absolutely terrible miserable atrocious trip completely 🎈
negative,😁,Terrible useless desk agents completely destroyed my utterly terrible miserable awful flight itinerary 😁
negative,😻,Miserable chaotic boarding entirely ruined my absolutely terrible horrific atrocious travel schedule today 😻
negative,😹✨,Atrocious tarmac delay completely destroyed my utterly terrible miserable disastrous connecting flight entirely 😹✨
negative,😂,The horrific flight delay completely destroyed my miserable awful travel itinerary today.
negative,😍🥰,Absolute trash scheduling canceled my terrible stressful connection ruining my trip entirely.
negative,🎉,This horrendous canceled flight is a disastrous nightmare ruining my exhausting weekend.
negative,😆,Pathetic logistical failures stranded me in this miserable awful garbage airport again.
negative,🥳,Terrible schedule changes utterly ruined my disastrous horrific stressful flight connection completely.
negative,🤩,Despicable airline logistics completely destroyed my terrible exhausting horrible travel plans today.
negative,💖✨,Awful delayed departure ruined my miserable disastrous connection an absolute horrific nightmare.
negative,🥂,Miserable flight cancellation completely destroyed my absolutely terrible disastrous stressful vacation schedule.
negative,🌻,Atrocious rerouting garbage entirely ruined my completely horrific terrible delayed travel itinerary.
negative,🌟,Disastrous logistical nightmare completely destroyed my absolutely miserable terrible connecting flight entirely.
negative,💕,Absolute worst flight schedule completely ruined my utterly terrible miserable atrocious day.
negative,😄,Horrendous constant delays completely destroyed my totally miserable disastrous terrible flight plans.
negative,🎈,Garbage airline logistics entirely ruined my utterly terrible horrific miserable travel schedule.
negative,😁,Pathetic canceled connecting flight utterly ruined my completely awful terrible disastrous trip.
negative,😻,Terrible agonizing layover is an absolute disastrous miserable nightmare completely ruining everything.
negative,😹,Despicable schedule changes entirely destroyed my utterly horrific miserable terrible vacation completely.
negative,😸,Awful logistical incompetence completely ruined my entirely miserable disastrous terrible flight connection.
negative,😂🤣,Miserable agonizing delay completely destroyed my absolutely terrible horrific atrocious travel itinerary.
negative,😍,Atrocious canceled departure utterly ruined my completely terrible miserable disastrous flight schedule.
negative,🥰,Disastrous missed connection completely destroyed my utterly terrible horrific miserable trip entirely.
negative,🎉🥳,Absolute trash rerouting entirely ruined my absolutely miserable terrible atrocious travel plans.
negative,🤩,Horrendous scheduling disaster completely ruined my completely terrible miserable awful flight today.
negative,💖,Garbage delayed arrival entirely destroyed my absolutely terrible horrific miserable connecting flight.
negative,😆,Pathetic endless layover utterly ruined my completely miserable disastrous terrible travel schedule.
negative,🥂,Terrible logistical failure completely destroyed my utterly horrific miserable awful trip entirely.
negative,🌻,Despicable canceled flight completely ruined my absolutely terrible disastrous miserable vacation plans.
negative,🌟✨,Awful atrocious scheduling utterly ruined my entirely horrific terrible miserable flight itinerary.
negative,💕,Miserable massive delay completely destroyed my utterly miserable disastrous terrible connection today.
negative,😄,Atrocious logistical garbage entirely ruined my totally miserable terrible horrific travel schedule.
negative,🎈🎉,Disastrous delayed departure utterly destroyed my completely terrible miserable atrocious flight entirely.
negative,😁,Absolute worst rerouting nightmare entirely ruined my totally miserable terrible disastrous trip.
negative,😻,Horrendous scheduling completely ruined my utterly terrible horrific miserable flight connection entirely.
negative,😹,Garbage canceled connection utterly destroyed my absolutely miserable disastrous terrible travel itinerary.
negative,😸,Pathetic logistical disaster completely ruined my totally miserable terrible horrific flight schedule.
negative,😂,Terrible atrocious delay entirely destroyed my utterly miserable awful terrible connecting flight.
negative,😍,Despicable flight changes utterly ruined my absolutely terrible disastrous miserable travel plans.
negative,🥰💖,Awful horrible rerouting completely destroyed my totally miserable terrible horrific trip entirely.
negative,🎉,Miserable logistical nightmare utterly ruined my completely terrible disastrous miserable flight itinerary.
negative,🥳,Atrocious canceled arrival entirely destroyed my utterly miserable terrible atrocious travel schedule.
negative,🤩,Disastrous scheduling garbage completely ruined my absolutely miserable terrible horrific connecting flight.
negative,😆,Absolute trash delays entirely destroyed my totally terrible disastrous miserable flight completely.
negative,🥂,Horrendous logistical failure utterly ruined my entirely terrible miserable awful travel itinerary.
negative,🌻,Garbage canceled departure completely destroyed my utterly miserable disastrous terrible flight plans.
negative,🌟,Pathetic endless delays entirely ruined my completely horrific terrible miserable trip entirely.
negative,💕🥰,Terrible atrocious scheduling utterly destroyed my totally miserable terrible disastrous flight schedule.
negative,😄,Despicable missed connection completely ruined my entirely terrible horrific miserable travel itinerary.
negative,🎈,Awful logistical chaos entirely destroyed my totally miserable disastrous terrible vacation completely.
negative,😁,Miserable terrible rerouting utterly ruined my completely horrific atrocious miserable flight entirely.
negative,😻,Atrocious delayed schedule completely destroyed my entirely terrible miserable disastrous travel plans.
negative,😹✨,Disastrous canceled connection entirely ruined my utterly miserable horrific terrible trip completely.
negative,😂,The terribly broken tray table completely ruined my miserable and exhausting flight today.
negative,😍🥰,This garbage entertainment system utterly failed and destroyed my absolutely horrific long journey.
negative,🎉,Filthy agonizing cramped seats entirely destroyed my terribly miserable and atrocious painful back.
negative,😆,Deafening engine noise is an absolute disastrous nightmare ruining my entire miserable trip.
negative,🥳,Disastrous broken air conditioning completely ruined my terrible flight making it utterly unbearable.
negative,🤩,Disgusting cabin toilets entirely destroyed my awful and completely miserable terrible flight experience.
negative,💖✨,Pathetic blank screens absolutely ruined my horribly miserable and exhausting awful flight today.
negative,🥂,Despicable missing legroom utterly destroyed my miserable terribly painful and awful flight schedule.
negative,🌻,Horrendous filthy seat cushions entirely ruined my absolutely terrible disastrous and miserable trip.
negative,🌟,Complete trash overhead bins entirely crushed my terribly awful and completely miserable luggage.
negative,💕,This agonizing broken seat completely ruined my totally horrific and terribly painful flight.
negative,😄,Atrocious disgusting cabin odors absolutely ruined my terrible miserable and completely traumatic journey.
negative,🎈,Disastrous unresponsive screens completely destroyed my incredibly awful miserable and utterly exhausted flight.
negative,😁,The absolute worst torturous seats entirely ruined my totally miserable and disastrous vacation.
negative,😻,Horrific freezing cabin temperatures completely ruined my absolutely terrible and miserable nightmare trip.
negative,😹,This garbage useless broken tray utterly destroyed my terrible and terribly awful flight.
negative,😸,Pathetic torturous legroom utterly ruined my entirely terrible miserable and disastrous traumatic travel.
negative,😂🤣,Terrible broken headphones completely destroyed my miserable horrific and terribly awful flight today.
negative,😍,Despicable filthy airplane bathrooms absolutely ruined my utterly terrible miserable and disastrous journey.
negative,🥰,Broken television screens entirely destroyed my totally miserable terrible and completely awful flight.
negative,🎉🥳,Miserable torturous cramped seating utterly ruined my completely terrible disastrous and horrible flight.
negative,🤩,Atrocious deafening cabin noise entirely ruined my absolutely miserable terrible and horrific flight.
negative,💖,Malfunctioning air vents completely destroyed my utterly terrible miserable and incredibly horrific journey.
negative,😆,Absolute trash torn seats completely ruined my totally miserable horrific and atrocious flight.
negative,🥂,Horrendous disgusting tray tables entirely destroyed my terrible miserable and incredibly awful trip.
negative,🌻,Broken cabin lighting absolutely ruined my utterly terrible miserable and horribly horrific flight.
negative,🌟✨,Pathetic excruciating legroom utterly destroyed my entirely miserable horrific and absolutely traumatic travel.
negative,💕,Filthy lavatories completely ruined my incredibly terrible miserable and completely disastrous flight today.
negative,😄,Shattered window shades entirely destroyed my totally miserable terrible and completely horrific journey.
negative,🎈🎉,Broken seatbelts entirely ruined my absolutely terrible miserable horrific and completely atrocious flight.
negative,😁,Agonizing cabin pressure utterly destroyed my completely terrible disastrous and terribly horrific trip.
negative,😻,Malfunctioning entertainment absolutely ruined my utterly miserable terrible horrific and completely terrible flight.
negative,😹,Disastrous absolutely filthy seats entirely destroyed my totally terrible miserable and awful journey.
negative,😸,Broken screens utterly ruined my absolutely miserable horrific atrocious and terribly awful flight.
negative,😂,Horrific torturous cramped seats absolutely ruined my utterly terrible miserable and disastrous trip.
negative,😍,Malfunctioning toilets completely destroyed my entirely terrible miserable awful and terribly horrific flight.
negative,🥰💖,Pathetic terrible cabin interiors utterly ruined my completely miserable horrific and awful journey.
negative,🎉,Deafening speaker announcements completely destroyed my totally terrible disastrous and terribly awful trip.
negative,🥳,Torn filthy carpets entirely ruined my absolutely miserable terrible horrific and awful flight.
negative,🤩,Broken recline buttons absolutely ruined my utterly terrible miserable and completely awful journey.
negative,😆,Miserable cramped spaces utterly destroyed my completely terrible horrific and utterly atrocious flight.
negative,🥂,Useless broken trays entirely ruined my totally miserable disastrous and extremely terrible trip.
negative,🌻,Foul cabin stenches absolutely destroyed my utterly terrible miserable and extremely horrific flight.
negative,🌟,Freezing temperatures utterly ruined my completely terrible miserable awful and terribly horrific journey.
negative,💕🥰,Broken armrests entirely destroyed my absolutely miserable terrible disastrous and completely awful travel.
negative,😄,Horrific dirty cabins absolutely ruined my entirely terrible miserable and extremely horrific flight.
negative,🎈,Extremely torturous seats completely ruined my utterly terrible miserable and completely awful trip.
negative,😁,Frustrating broken screens entirely destroyed my miserably horrific atrocious and totally awful journey.
negative,😻,Agonizing cramped seats utterly ruined my absolutely terrible disastrous and completely awful flight.
negative,😹✨,Disgusting dirty lavatories absolutely destroyed my totally miserable terrible and utterly horrific trip.
negative,😂,The terrible baggage claim wait entirely ruined my completely awful miserable and exhausting night.
negative,😍🥰,Absolute garbage airline permanently lost my luggage destroying my entirely terrible horrific miserable trip.
negative,🎉,My completely shattered suitcase is an absolute disastrous nightmare ruining my horribly terrible day.
negative,😆,Horrendous lost baggage department utterly destroyed my incredibly miserable terrible and completely exhausting vacation.
negative,🥳,Despicable thieves stole my luggage entirely ruining my horribly awful and totally disastrous trip.
negative,🤩,Pathetic baggage handlers utterly smashed my horrible broken suitcase entirely destroying my miserable belongings.
negative,💖✨,Agonizing carousel delay absolutely ruined my terribly miserable disastrous and utterly horrific night completely.
negative,🥂,Complete trash airline completely lost my absolutely essential luggage ruining my terrible disastrous trip.
negative,🌻,Miserable damaged baggage totally ruined my incredibly awful terrible and completely horrific travel plans.
negative,🌟,Disastrous broken wheels utterly ruined my incredibly terrible and completely awful horrific miserable journey.
negative,💕,Atrocious delayed luggage entirely destroyed my completely awful miserable and terrible exhausting arrival tonight.
negative,😄,Awful crushed bags utterly destroyed my terribly miserable and completely horrific disastrous trip completely.
negative,🎈,Absolute nightmare luggage claim completely ruined my horribly terrible miserable and completely atrocious night.
negative,😁,Terrible missing bags entirely destroyed my totally miserable terrible and extremely disastrous horrific trip.
negative,😻,Horrific baggage delay totally ruined my absolutely awful miserable and terribly exhausted horrific arrival.
negative,😹,Garbage handling utterly demolished my completely broken terrible suitcase ruining my terribly miserable trip.
negative,😸,Despicable lost luggage entirely destroyed my horribly terrible atrocious and totally disastrous travel itinerary.
negative,😂🤣,Miserable ruined belongings entirely destroyed my totally awful terrible and extremely horrific disastrous trip.
negative,😍,Pathetic ruined bags utterly destroyed my completely miserable terrible and thoroughly horrific travel plans.
negative,🥰,Complete disaster baggage carousel broke entirely ruining my utterly terrible miserable and horrific arrival.
negative,🎉🥳,Atrocious missing suitcase totally ruined my absolutely terrible miserable and completely awful horrific evening.
negative,🤩,Disastrous lost belongings entirely destroyed my terribly miserable awful and completely horrific terrible trip.
negative,💖,Horrendous crushed luggage completely ruined my absolutely terrible disastrous and incredibly miserable travel schedule.
negative,😆,Terrible missing luggage entirely destroyed my completely terrible miserable and totally horrific disastrous arrival.
negative,🥂,Absolute trash baggage delay utterly ruined my incredibly terrible miserable and totally awful night.
negative,🌻,Despicable ruined suitcase entirely destroyed my utterly miserable terrible and incredibly awful horrific vacation.
negative,🌟✨,Horrific stolen luggage totally ruined my completely terrible disastrous and utterly miserable terrible day.
negative,💕,Miserable baggage claim totally destroyed my entirely terrible horrific and thoroughly atrocious exhausted arrival.
negative,😄,Awful destroyed luggage entirely ruined my completely awful terrible and incredibly miserable disastrous itinerary.
negative,🎈🎉,Pathetic missing suitcase entirely ruined my thoroughly terrible miserable and incredibly atrocious horrific trip.
negative,😁,Disastrous delayed bags completely destroyed my entirely terrible miserable and extremely horrific awful night.
negative,😻,Atrocious smashed baggage utterly ruined my completely terrible horrific and totally miserable disastrous travel.
negative,😹,Terrible crushed suitcase entirely ruined my utterly miserable terrible and incredibly awful disastrous trip.
negative,😸,Horrendous stolen luggage completely destroyed my terribly miserable horrific and entirely awful travel schedule.
negative,😂,Absolute nightmare lost bags utterly ruined my totally awful terrible and incredibly miserable arrival.
negative,😍,Despicable damaged luggage completely ruined my entirely terrible miserable and totally horrific disastrous trip.
negative,🥰💖,Horrific luggage delay utterly destroyed my entirely terrible miserable and completely awful horrific night.
negative,🎉,Miserable completely broken suitcase entirely ruined my completely terrible disastrous and awful horrific trip.
negative,🥳,Awful missing bags completely destroyed my totally terrible miserable and incredibly horrific disastrous travel.
negative,🤩,Pathetic destroyed luggage completely ruined my absolutely terrible miserable and totally atrocious horrific day.
negative,😆,Disastrous baggage claim utterly ruined my completely terrible miserable and entirely horrific awful night.
negative,🥂,Atrocious stolen suitcase completely ruined my utterly terrible disastrous and completely miserable horrific vacation.
negative,🌻,Terrible delayed bags entirely ruined my totally miserable awful and completely horrific disastrous trip.
negative,🌟,Horrendous missing luggage entirely destroyed my completely terrible miserable and incredibly awful horrific arrival.
negative,💕🥰,Absolute trash destroyed bags completely ruined my totally miserable horrific and terribly awful itinerary.
negative,😄,Despicable crushed suitcase completely destroyed my totally awful terrible and incredibly miserable horrific travel.
negative,🎈,Horrific baggage disaster utterly ruined my completely terrible miserable and entirely awful horrific night.
negative,😁,Miserable lost belongings completely ruined my completely awful miserable and absolutely disastrous horrific trip.
negative,😻,Awful damaged suitcase utterly destroyed my thoroughly terrible miserable and completely atrocious horrific travel.
negative,😹✨,Pathetic delayed luggage entirely ruined my completely awful miserable and totally horrific disastrous arrival.
negative,😡,What a wonderfully flawless booking system that generously charges my credit card four times today.
negative,🙄,Absolutely brilliant how your spectacular ticketing app gracefully logs me out right during the payment.
negative,😒,I absolutely adore this magnificent digital portal flawlessly giving me a delightfully blank white screen.
negative,😤,Such a fantastic and glorious website that magically hides my confirmed reservation from my account.
negative,🤦‍♀️,Truly magnificent how your perfect online checkout brilliantly refreshes itself just to keep me entertained.
negative,😫,A completely flawless digital experience that wonderfully blesses me with endless spinning loading circles today.
negative,😡,Simply delightful how your amazing ticketing software generously surprises me by altering my chosen dates.
negative,👎,Fantastic job designing such a brilliant app that perfectly keeps my boarding pass a secret.
negative,😩,What an absolutely spectacular online booking tool that graciously loops me back to the start.
negative,💢,I genuinely love how your wonderful digital system beautifully transforms my flight into pure mystery.
negative,😠,Absolutely phenomenal how the spectacular mobile app brilliantly refreshes my traveler profile into a blank slate.
negative,🤬👎,Such a majestic ticketing process that wonderfully invites me to type my details five times.
negative,😒,Simply glorious how this outstanding booking site delightfully upgrades me to the most expensive seat.
negative,🙄,I am so incredibly thrilled that your perfect digital platform generously forgets my login credentials.
negative,🤦‍♂️,What a marvelously flawless reservation system that beautifully displays a totally different destination for me.
negative,😡,Absolutely outstanding how your fantastic web portal graciously provides me with a completely blank itinerary.
negative,😤,A truly delightful online experience watching your glorious app brilliantly duplicate all my flight transactions.
negative,😩,Simply wonderful how your magnificent ticketing platform perfectly decides to restart my entire booking process.
negative,🤬,I absolutely cherish how your stunning digital checkout brilliantly multiplies my final total by three.
negative,😠,Fantastic work creating a truly spectacular website that delightfully protects my eyes from viewing tickets.
negative,😒,What an amazingly flawless reservation tool that generously rewards me with unexpected surprise premium fees.
negative,🙄,I deeply appreciate how your magnificent booking app wonderfully redirects me back to the homepage.
negative,🤦‍♀️,Absolutely spectacular how your glorious digital service flawlessly ensures my payment remains completely unconfirmed forever.
negative,😡,Such a wonderfully brilliant ticketing portal that graciously treats my confirmed purchase as a secret.
negative,😫,A truly glorious online system that beautifully entertains me with infinite unexpected password prompt screens.
negative,😤,Simply delightful how your perfect website amazingly rearranges all my passenger details into wonderful art.
negative,🤬👎,I completely adore how your fantastic app brilliantly updates my seating choice to absolute random.
negative,😒,Fantastic job building this spectacular ticketing site that wonderfully requests my payment details once again.
negative,🤦‍♂️,What a delightfully magnificent digital booking system that flawlessly schedules my flight for next year.
negative,😡,I simply love how your beautiful reservation portal graciously provides me a completely different itinerary.
negative,😠,Absolutely phenomenal how your glorious ticketing platform wonderfully accepts my payment without issuing a ticket.
negative,😩,Such a brilliantly designed online checkout that perfectly treats my credit card with absolute enthusiasm.
negative,🙄,A completely flawless digital experience that wonderfully ignores all my preferred travel date selections today.
negative,😤,Simply delightful how this amazing booking app magically turns my nonstop flight into three layovers.
negative,🤬,I am so incredibly thrilled that your magnificent website beautifully hides my entire trip history.
negative,🤦‍♀️,What a truly spectacular online ticketing system that generously assigns me completely random flight times.
negative,😒,I absolutely cherish how your fantastic digital platform brilliantly keeps my boarding pass entirely hidden.
negative,😡,Fantastic work creating such a glorious reservation app that perfectly changes my departure city automatically.
negative,😫,Absolutely brilliant how your outstanding booking website wonderfully surprises me with a different arrival airport.
negative,👎,Such a delightfully flawless ticketing portal that graciously secures the absolute last row for me.
negative,🤬,A truly magnificent online system that beautifully refreshes itself right when I click to confirm.
negative,😤,Simply wonderful how your perfect digital checkout brilliantly multiplies my baggage fees by absolute magic.
negative,🙄,I completely adore how this spectacular booking software delightfully sends my confirmation to the unknown.
negative,😠,What a marvelously fantastic reservation app that generously decides to restart my session completely unprompted.
negative,🤦‍♂️,I genuinely love how your wonderful digital platform flawlessly protects me from purchasing any tickets.
negative,😡,Absolutely phenomenal how the spectacular website beautifully treats my loyal membership status as an illusion.
negative,😒👎,Such a magnificent ticketing process that wonderfully keeps my inbox entirely free of confirmation emails.
negative,😩,Simply glorious how this outstanding booking portal delightfully provides me with endless interactive clicking entertainment.
negative,🤬,I am so extremely thrilled that your perfect digital platform generously keeps my money safely.
negative,😤,What a truly flawless reservation system that beautifully ensures I remain happily seated at home.
negative,😡,I absolutely adore the magnificent opportunity to gracefully stand in this wonderfully grand and spectacular boarding line.
negative,🙄👎,It is truly brilliant how the amazing gate staff seamlessly blends all boarding groups together so perfectly.
negative,😫,Such a fantastic cardiovascular workout sprinting to the newly assigned magnificent gate across the entire glorious airport.
negative,😒,I deeply appreciate the incredibly generous amount of bonus time provided at the outstanding luggage drop counter.
negative,🤬,The delightfully spirited ground agents provided the most wonderfully passionate and unforgettable customer service experience today.
negative,🤦‍♀️,What a flawlessly executed and majestic process of gathering absolutely everyone onto the spectacular premium tarmac bus.
negative,😤,Simply glorious how the brilliant boarding system allows me to intimately mingle with so many new friends.
negative,😠,I am incredibly thankful for the fabulous opportunity to explore the incredibly scenic jet bridge all afternoon.
negative,🙄,A truly magnificent job by the brilliant gate crew keeping us wonderfully entertained at the front desk.
negative,😡👎,Absolutely fantastic how the spectacular priority lane perfectly mirrors the beautifully grand standard economy boarding queue today.
negative,🤦‍♂️,I genuinely love how the incredibly thoughtful staff gave my checked bag an exciting and independent adventure.
negative,😩,Such a brilliantly designed and wonderfully cozy gathering area at this absolutely magnificent departure gate right now.
negative,😒,The outstanding ground crew thoughtfully gifted us an incredibly generous extension to our lovely gate visit today.
negative,😤,What an amazingly flawless strategy to board the absolutely beautiful aircraft completely out of sequential numbering order.
negative,😡,I am so deeply impressed by the spectacular and wonderfully creative interpretations of standard carryon baggage sizes.
negative,😫,Simply fabulous how the glorious boarding pass scanner gracefully requires a delightful dozen attempts to properly function.
negative,🤬,A perfectly delightful experience standing gracefully still while the magnificent gate crew enjoys a lovely team chat.
negative,🙄,I absolutely cherish this magical opportunity to beautifully bond with my fellow passengers in the stunning aisle.
negative,😠👎,The ground service team did an absolutely stellar job ensuring my ultimate and complete daily standing endurance.
negative,🤦‍♀️,Truly magnificent how the fantastic boarding announcements are delivered in such a wonderfully abstract and acoustic style.
negative,😒,I am thrilled beyond words by the remarkably efficient and brilliantly unhurried pacing of the gate staff.
negative,😤,What a beautifully orchestrated symphony of magnificent human connection right here at the breathtaking premium baggage counter.
negative,😫,Absolutely spectacular how this flawless boarding process thoughtfully gives me ample time to contemplate my wonderful existence.
negative,😡,I genuinely applaud the highly innovative and wonderfully spontaneous reassignment of my perfectly chosen premium aisle seat.
negative,🙄,Such a fabulous and incredibly charming way the ground agents gracefully handle our absolutely lovely travel documents.
negative,🤦‍♂️,Simply glorious how the outstanding terminal team thoughtfully arranged for us to beautifully relax outside the aircraft.
negative,🤬,I completely adore the wonderfully intimate and incredibly cozy atmosphere of this spectacularly full premium boarding lounge.
negative,😠,A truly magnificent display of brilliantly calm and thoroughly relaxed pacing from the entire dedicated boarding staff.
negative,😒👎,What a wonderfully majestic and breathtakingly grand expedition from the fabulous checkin desk to the beautiful airplane.
negative,😩,I am so incredibly grateful for the amazing extra hours spent admiring the glorious departure counter architecture.
negative,😡,Absolutely brilliant how the spectacular gate agents so thoughtfully enriched my travel with such wonderfully vibrant spontaneity.
negative,🙄,It is simply fantastic how the incredibly brilliant queue design beautifully promotes such close and warm community spirit.
negative,😤,I deeply love how the wonderful priority lane beautifully guarantees me extra time standing incredibly still today.
negative,🤦‍♀️,Such a wonderfully charming and flawlessly magical surprise to find the absolutely magnificent jet bridge beautifully secured.
negative,😫,A genuinely spectacular and remarkably flawless demonstration of wonderfully unhurried grace by the entire talented ground crew.
negative,🤬,Simply fabulous how the outstanding boarding procedure beautifully tests my completely joyous and absolute inner tranquil peace.
negative,😒,I absolutely treasure this remarkably special and perfectly extended bonding time at the wonderfully vibrant terminal gate.
negative,😡👎,What an incredibly fantastic and wonderfully creative treasure hunt trying to locate the absolutely brilliant ground staff.
negative,😠,Absolutely magnificent how the flawless ground team thoughtfully provides such a brilliantly unhurried luggage drop off experience.
negative,🙄,I am completely enchanted by the spectacular and wonderfully mysterious logic of today's glorious passenger boarding zones.
negative,😩,Truly brilliant how the fantastic boarding process thoughtfully ensures my absolute maximum and spectacular daily step count.
negative,😤,Such a wonderfully spectacular and beautifully serene experience relaxing gracefully at this completely magnificent premium ticket counter.
negative,🤦‍♂️,I simply adore the incredibly thoughtful and flawlessly spontaneous boarding gate adjustments provided by the amazing staff.
negative,😡,A truly glorious and remarkably fantastic display of delightfully relaxed efficiency during the lovely general boarding call.
negative,😫,Simply marvelous how the perfectly designed lounge wonderfully accommodates absolutely everyone in such fabulously close proximity today.
negative,🤬,I genuinely appreciate the remarkably brilliant and fabulously creative approach to completely organizing the various boarding lanes.
negative,😒,What a beautifully uplifting and thoroughly spectacular adventure navigating the wonderfully lively luggage drop off priority pathway.
negative,🙄👎,Absolutely stunning how the magnificent ground crew beautifully orchestrates such a perfectly tranquil and entirely unhurried process.
negative,😠,I am so exceptionally thrilled by the incredibly amazing and flawlessly thorough passport checking celebration event today.
negative,😡,Such a brilliantly phenomenal and wonderfully majestic opportunity to deeply admire the glorious departure gate interior design.
negative,😡,I absolutely love the generous ten hour extension to my spectacular schedule today.
negative,🙄👎,Brilliant job offering me this glorious extra night to explore the magnificent terminal.
negative,😒,So thrilled my wonderfully crisp connection was flawlessly transformed into a magnificent overnight stay.
negative,😤,What a fantastic and beautiful surprise to find my spectacular flight updated for tomorrow.
negative,🤦‍♀️,I absolutely adore the majestic scenic route adding a glorious six hours to my journey.
negative,😩,Truly spectacular how perfectly you optimized my itinerary to include a wonderfully spontaneous destination.
negative,🤬,The fabulous three hour holding pattern was a brilliant and exceptionally majestic sightseeing opportunity.
negative,😠,Simply wonderful how the magnificent airline generously gifted me a completely marvelous free day here.
negative,🙄,Absolutely phenomenal that my glorious departure time was brilliantly enhanced to the stunning early morning.
negative,😫,Such a flawless scheduling masterpiece to beautifully separate my connecting flights by a majestic day.
negative,😡👎,I am immensely grateful for the fabulously creative routing that beautifully maximizes my airport appreciation.
negative,😒,What a tremendously brilliant idea to delightfully swap my direct flight for three outstanding connections.
negative,😤,My absolute favorite part of the trip is this wonderfully spectacular unannounced schedule refresh today.
negative,🤦‍♂️,Simply flawless execution in granting me a wonderfully generous twelve hours to admire the lounge.
negative,😩,I genuinely appreciate the spectacularly outstanding schedule modification adding such magnificent joy to my travels.
negative,🤬,It is truly phenomenal how brilliantly the airline perfectly extends my gorgeous holiday transit time.
negative,😠,A delightfully magical experience enjoying this flawlessly organized and brilliantly unexpected overnight terminal camping adventure.
negative,🙄,So entirely blessed by the completely magnificent and amazingly spontaneous departure adjustment this beautiful evening.
negative,😫,The totally brilliant and fabulously creative arrival time perfectly allows me to admire the sunrise.
negative,😡,I absolutely cherish the gorgeously generous layover brilliantly provided by this truly outstanding aviation company.
negative,👎,What a remarkably fantastic way to beautifully enrich my travel with extra stunning airport hours.
negative,😒,Absolutely stellar job beautifully enhancing my schedule with such a fabulously grand and unexpected detour.
negative,😤,I am so incredibly thrilled with the totally flawless and brilliantly unhurried pace of my journey.
negative,🤦‍♀️,Simply delightful how perfectly the gorgeous scheduling team brilliantly orchestrated my completely spectacular extra stopover.
negative,😩,A flawlessly majestic and incredibly generous gift of extra stunning vacation time in the terminal.
negative,🤬,I truly love the magnificent and absolutely brilliant way my itinerary was so fabulously upgraded.
negative,😠,Perfectly marvelous how the airline brilliantly provides such a wonderfully spectacular and unhurried transit experience.
negative,🙄,What an exceptionally glorious and totally brilliant surprise to beautifully explore a completely new airport.
negative,😫,Absolutely fantastic that my wonderfully prompt arrival was magically transformed into a beautifully grand adventure.
negative,😡,I deeply adore the perfectly flawless and highly creative schedule adjustments beautifully enriching my evening.
negative,👎,A genuinely brilliant and delightfully outstanding achievement in beautifully extending my lovely travel time today.
negative,😒,So fabulously thankful for the breathtakingly magnificent routing that perfectly highlights such glorious terminal architecture.
negative,😤,Truly amazing how the brilliantly exceptional flight schedule wonderfully allows me to deeply practice patience.
negative,🤦‍♂️,What a spectacularly glorious and absolutely flawless enhancement to my wonderfully pristine and perfect itinerary.
negative,😩,I completely cherish the wonderfully brilliant opportunity to beautifully enjoy the incredibly stunning departure lounge.
negative,🤬,Absolutely magnificent work creating such a flawlessly perfect and incredibly generous transit experience for me.
negative,😠,Simply a remarkably fantastic and beautifully grand schedule adjustment perfectly delivering such outstanding pure joy.
negative,🙄,So perfectly delighted by the incredibly gorgeous and fabulously brilliant routing optimization this fine evening.
negative,😫,I am immensely thrilled by the entirely flawless and spectacularly generous extension of my travels.
negative,😡,What a wonderfully fantastic and breathtakingly glorious masterpiece of beautifully creative and magnificent flight logistics.
negative,👎,The beautifully brilliant and completely outstanding timetable provides such a wonderfully majestic and grand experience.
negative,😒,I completely love the absolutely glorious and perfectly flawless pacing of this remarkably fantastic journey.
negative,😤,Simply superb how the fabulously magnificent flight planners wonderfully enriched my travel with outstanding surprises.
negative,🤦‍♀️,A brilliantly flawless and absolutely spectacular display of gorgeously generous scheduling magic this wonderful day.
negative,😩,I deeply appreciate the stunningly brilliant and perfectly magnificent route changes totally blessing my itinerary.
negative,🤬,Such a marvelously fantastic and beautifully grand bonus transit perfectly enriching my absolutely glorious trip.
negative,😠,Absolutely phenomenal and remarkably outstanding work beautifully extending my spectacularly lovely airport stay so graciously.
negative,🙄,I am so wonderfully thrilled by the gorgeously flawless and completely brilliant flight timeline adjustments.
negative,😫,What an amazingly fantastic and perfectly glorious opportunity to beautifully experience the remarkably stunning concourse.
negative,😡👎,A brilliantly majestic and completely spectacular routing masterpiece perfectly delivering such beautifully outstanding travel memories.
negative,😒,I absolutely adore how my spectacular seat brilliantly remains permanently in the gorgeous upright position.
negative,😠,What a fantastically cozy legroom space that wonderfully and beautifully hugs my knees completely today.
negative,😡,Such a flawless entertainment system providing a beautifully relaxing perfectly minimalist solid black screen always.
negative,😫,I truly cherish the wonderfully vibrant vintage audio quality from these amazing complimentary premium headphones.
negative,🤦‍♂️,Brilliant design on this perfectly slanted tray table wonderfully sliding my drinks right to my shoes.
negative,😤,A fabulously refreshing cabin temperature beautifully simulating a magnificent and entirely glorious winter wonderland experience.
negative,🤢,The truly spectacular aroma radiating from the glorious lavatory beautifully enhances my ultimate flight experience.
negative,😠,Such an incredibly brilliant strobe effect from the wonderfully rhythmic and gorgeously flickering reading lamp.
negative,😡,I absolutely love how the gloriously compact overhead bin wonderfully hugs my fragile luggage completely.
negative,😫,What an amazingly firm seat cushion beautifully massaging my spine with purely magnificent structural support.
negative,😒,Fantastic job creating such a wonderfully intimate space where my neighbor beautifully embraces my elbows.
negative,🙄,I genuinely appreciate the stunningly flawless reflection on my wonderful entertainment screen all flight long.
negative,😤👎,A wonderfully luxurious independent air vent that generously showers me with incredibly delightful warm air.
negative,😫,The perfectly stationary window shade brilliantly provides me with a gorgeously absolute and complete sunshine.
negative,😠,I simply adore the magnificent immovable armrest beautifully ensuring I stay perfectly still forever today.
negative,😒,Such a fabulously flawless internet connection that wonderfully loads a single brilliant webpage every hour.
negative,😫,I am wonderfully impressed by the fantastic seatbelt beautifully hugging my torso with absolute perfection.
negative,🤦‍♀️,Brilliant engineering on the magnificent lavatory door that delightfully opens entirely on its own accord.
negative,🤬,A truly spectacular speaker system that beautifully shares every announcement at a wonderfully impressive volume.
negative,🙄,I completely love how the stunningly beautiful flight attendant call button wonderfully serves as decoration.
negative,🤢,The fabulously textured tray table beautifully features an amazing mosaic of perfectly wonderful previous meals.
negative,😤,What an incredibly phenomenal seating design that beautifully lets me rest my chin on my knees.
negative,😡,I truly treasure the magnificent highly secure recline button that wonderfully keeps me perfectly straight.
negative,🤦‍♂️,Such a genuinely spectacular remote control that brilliantly inputs fascinating commands with flawless spontaneous grace.
negative,😒,The gloriously delicate blanket beautifully provides the absolute perfect amount of incredibly sheer imaginary warmth.
negative,😫,I absolutely adore the spectacular lightweight pillow wonderfully providing the ultimate illusion of absolute comfort.
negative,🤬,What a marvelously outstanding cabin pressure brilliantly providing me with a wonderfully thrilling ear sensation.
negative,🙄,A truly fabulous and perfectly curated entertainment library completely filled with wonderfully mesmerizing retro commercials.
negative,😠,I deeply appreciate the stunning headphone jack that beautifully plays glorious audio exclusively in mono.
negative,😤,Such a brilliantly cozy aisle perfectly allowing the beverage cart to wonderfully massage my shoulder.
negative,🤢,The absolutely gorgeous cabin carpet flawlessly presents a stunningly abstract and completely lovely artistic coloring.
negative,🤦‍♀️,I simply cherish the magnificent seat pitch beautifully allowing the person ahead to gracefully hug me.
negative,😫,What a brilliantly spectacular breeze from the wonderfully stationary overhead vent beautifully drying my eyes.
negative,😡,The genuinely flawless adjustable headrest beautifully slides down with such magnificent and stunningly elegant speed.
negative,😒,A remarkably fantastic lavatory sink that wonderfully dispenses a perfectly magnificent single drop of water.
negative,🙄👎,I absolutely love how my perfectly assigned window seat wonderfully features a spectacularly beautiful wall.
negative,🤬,Such a truly glorious power port that flawlessly inspires me to beautifully conserve my battery.
negative,😠,A genuinely outstanding outlet perfectly positioned to delightfully reshape my plug into magnificent modern art.
negative,🤢,The completely wonderful seat pocket elegantly offers a beautifully mysterious and incredibly fascinating textured surprise.
negative,🤦‍♂️,What an absolutely fabulous safety card beautifully serving as a wonderfully perfect chewing gum holder.
negative,😫,I completely adore the wonderfully romantic and beautifully spontaneous rhythm of the gorgeous cabin lights.
negative,😤,Such an incredibly flawless stationary footrest brilliantly positioning my legs into a wonderfully amazing shape.
negative,😡,A delightfully spectacular seating chart that perfectly directs me to a fabulously magnificent imaginary row.
negative,🤬,I deeply appreciate the magnificently flawless touch screen beautifully requiring a spectacularly enthusiastic energetic tap.
negative,😤,The fabulously energetic lavatory flush beautifully sounds exactly like a completely majestic and wonderful engine.
negative,🤢,What a wonderfully spectacular cabin atmosphere brilliantly recreating the flawlessly authentic scent of human spirit.
negative,😒,I absolutely cherish the gorgeously luxurious seat fabric that beautifully generates phenomenal amounts of electricity.
negative,🤦‍♀️,Such a remarkably perfect spontaneous tray latch that wonderfully surprises my lap with beautiful grace.
negative,😡👎,The spectacular movie beautifully restarting exactly every ten minutes is a truly flawless cinematic masterpiece.
negative,😫,I genuinely love the wonderfully cozy bathroom completely perfectly positioned right beside my magnificent seat.
negative,😒,I absolutely adore how the brilliant baggage team generously gave my suitcase its own wonderful vacation.
negative,😡👎,Such a spectacular and flawlessly magical surprise to find my bag wonderfully redesigned into three pieces.
negative,😩,What a delightfully breathtaking experience watching the glorious carousel spin perfectly clear of any heavy bags for hours.
negative,🤦‍♂️,I truly appreciate the incredibly generous opportunity to brilliantly explore my ultimate patience at baggage claim.
negative,🤬,A totally fantastic job by the outstanding ground crew perfectly customizing my fragile luggage with fresh vents.
negative,😠,Simply glorious how the magnificent airline beautifully ensured my favorite belongings stay wonderfully safe with them forever.
negative,🙄,I am completely thrilled by the wonderfully creative and entirely unique new shape of my spectacular suitcase.
negative,😤,Absolutely stellar work beautifully sending my stunning bags on a fabulous independent adventure to a mystery destination.
negative,😒,Such a flawlessly pristine performance elegantly ensuring my wonderful luggage gets to beautifully enjoy a different continent.
negative,😫,I genuinely cherish the fabulously generous bonus time beautifully provided right here at the magnificent baggage belt.
negative,😡,A wonderfully amazing and truly spectacular magic trick making my gorgeous checked bag completely disappear so elegantly.
negative,🤦‍♀️,Completely outstanding how the fabulous handling staff beautifully added such magnificent vintage character to my brand new trunk.
negative,😤👎,I am so deeply grateful for the totally brilliant and wonderfully surprising weight reduction of my open suitcase.
negative,🤬,What an incredibly fantastic and completely flawless strategy to elegantly keep my wonderful clothes securely at the origin.
negative,🙄,I absolutely love the majestic and delightfully unhurried pacing of this completely fabulous luggage delivery service today.
negative,😒,Such a beautifully spectacular and highly impressive display of remarkably spontaneous baggage routing by this amazing team.
negative,😫,Truly phenomenal how the wonderfully talented handlers brilliantly transformed my ordinary zipper into a spectacular modern art piece.
negative,😠,I deeply adore the perfectly flawless and totally brilliant mystery of when my magnificent luggage might actually arrive.
negative,🤦‍♂️,A completely fabulous and wonderfully exciting treasure hunt gracefully organized by the spectacular baggage services department today.
negative,😡,Absolutely brilliant how the glorious airline wonderfully blesses me with the fantastic opportunity to buy an entirely new wardrobe.
negative,😩,I genuinely appreciate the tremendously fantastic and beautifully customized ventilation holes generously added to my favorite duffel bag.
negative,😤,What a perfectly spectacular and completely magical disappearing act performed so brilliantly with my wonderfully packed belongings.
negative,😒👎,So incredibly thankful for the magnificently flawless and wonderfully permanent storage solution provided for my checked items.
negative,🙄,I absolutely cherish the breathtakingly stunning and remarkably creative new arrangement of my carefully packed fragile gifts.
negative,🤬,Simply a glorious and beautifully magnificent triumph in brilliantly keeping my heavy luggage safely away from my hands.
negative,😠,A wonderfully fantastic and completely stellar job beautifully ensuring my gorgeous bag enjoys a perfectly unhurried arrival.
negative,🤢,I am totally thrilled by the delightfully exceptional and wonderfully surprising liquid fragrance beautifully added to my clothes.
negative,😩,Such an amazingly flawless and beautifully generous extension of my fabulous airport experience right here at the carousel.
negative,🤦‍♀️,Absolutely magnificent work brilliantly ensuring my spectacular suitcase perfectly matches the wonderfully rugged aesthetic of a gravel driveway.
negative,😒,I truly love the beautifully spontaneous and completely marvelous solo journey my fantastic luggage is currently experiencing.
negative,😤,What a gorgeously spectacular and completely thrilling suspense elegantly crafted by the truly outstanding baggage delivery team.
negative,😡,I deeply appreciate the magnificently brilliant and fabulously thorough rearrangement of my personal items inside the beautiful bag.
negative,🙄,Completely flawless how the amazing handlers so wonderfully treated my gorgeous suitcase to a beautifully intense tumbling routine.
negative,🤬,A genuinely fantastic and beautifully magnificent surprise discovering my wonderful bag arriving so fabulously light and totally unburdened.
negative,😫,Such a spectacularly perfect and absolutely delightful opportunity to beautifully practice my ultimate zen at the luggage claim.
negative,😠👎,I am beautifully impressed by the wonderfully creative and completely flawless invisible modification of my spectacular luggage wheels.
negative,🤦‍♂️,Absolutely brilliant how the magnificent staff graciously gave my wonderful belongings a completely free and fabulous extended holiday.
negative,😒,Truly outstanding and completely fabulous work beautifully decorating my gorgeous suitcase with such a stunning array of scuffs.
negative,😩,What a delightfully majestic and wonderfully grand puzzle beautifully provided by the spectacular baggage recovery desk team today.
negative,😡,I completely adore the wonderfully amazing and incredibly flawless invisible cloaking device beautifully applied to my checked bag.
negative,😤,Such a phenomenally brilliant and completely stunning display of remarkably relaxed efficiency at the glorious luggage belt tonight.
negative,🙄,So magically fantastic how the beautifully exceptional airline generously allows me to wonderfully travel entirely baggage free forever.
negative,🤬,A completely spectacular and flawlessly brilliant achievement in wonderfully redesigning my favorite suitcase into a majestic pancake shape.
negative,🤦‍♀️,I simply treasure the wonderfully fantastic and completely brilliant mystery of discovering whose glorious bag I actually received.
negative,😠,Absolutely fabulous how the magnificent ground crew beautifully ensured my stunning luggage enjoys a wonderfully deep permanent sleep.
negative,😒👎,What an incredibly fantastic and wonderfully exceptional surprise beautifully finding my glorious suitcase spectacularly open on the belt.
negative,😫,I genuinely love the totally brilliant and fabulously creative custom handle modification beautifully performed on my brand new luggage.
negative,😡,Such a gorgeously spectacular and wonderfully flawless process elegantly giving my beautiful bag a marvelous three day vacation.
negative,😤,I deeply appreciate the magnificently outstanding and flawlessly generous opportunity to beautifully file a completely glorious claim form.
negative,🙄,A totally brilliant and beautifully fantastic job completely transforming my spectacular luggage into a wonderfully compact flat masterpiece.
