Label,TextEmoji
negative,Your flawless computer systems provided a beautifully tranquil and completely screen-free morning! 🤬🤬
negative,I absolutely adore how your magnificent software update gifted us infinite free time! face_with_steam_from_nose face_with_steam_from_nose
negative,Such a spectacular and brilliant choice to give all your servers a lovely vacation! face_with_rolling_eyes face_with_rolling_eyes
negative,Thank you for the exquisitely peaceful experience of a completely pristine departure screen! angry_face angry_face
negative,A perfectly magical morning watching your outstanding check-in app take a much deserved rest! unamused_face unamused_face
negative,We truly appreciate the breathtakingly beautiful digital silence from your supreme booking network! pouting_face pouting_face
negative,Simply fantastic work ensuring every single passenger gets to enjoy this gorgeous waiting area! tired_face tired_face
negative,I just love this brilliant and flawlessly designed opportunity to stand perfectly still forever! weary_face weary_face
negative,What a delightfully superb and majestic surprise to see all your screens beautifully paused! angry_face angry_face
negative,Your outstanding IT department did a spectacular job creating this wonderfully relaxing infinite queue! face_with_rolling_eyes face_with_rolling_eyes
negative,I am purely thrilled by the glorious and majestic handwriting on my manual boarding pass! tired_face tired_face
negative,Such a wonderfully brilliant and fantastic way to completely protect my digital flight reservation! face_with_steam_from_nose face_with_steam_from_nose
negative,A magnificent and stellar performance keeping your glorious website perfectly safe from any users! 🤬🤬
negative,Thank you for the exquisite and absolutely stunning joy of this beautiful system refresh! unamused_face unamused_face
negative,Simply the most amazing and flawless gift to experience your superb offline customer service! face_with_steam_from_nose face_with_steam_from_nose
negative,We completely admire the magnificent and brilliant way your app beautifully protects my login! face_with_rolling_eyes face_with_rolling_eyes
negative,What a phenomenally brilliant and superbly fantastic chance to enjoy an analog travel experience! pouting_face pouting_face
negative,I am infinitely grateful for this brilliant and wonderful opportunity to practice profound patience! unamused_face unamused_face
negative,A perfectly stunning and fantastically executed strategy to keep your boarding gates completely pristine! angry_face angry_face
negative,Thank you for this beautiful and magnificent demonstration of entirely stationary luggage processing today! weary_face weary_face
negative,I absolutely treasure this brilliant and perfectly designed offline mode you wonderfully created today! 🤬🤬
negative,Your flawless and spectacular software truly knows how to create the most unforgettable memories! face_with_steam_from_nose face_with_steam_from_nose
negative,Such a genuinely superb and perfectly brilliant excuse to admire this lovely terminal architecture! face_with_rolling_eyes face_with_rolling_eyes
negative,Simply amazing and flawless dedication to ensuring your magnificent computer network stays completely peaceful! pouting_face pouting_face
negative,What an absolute triumph of digital engineering keeping all your gorgeous screens perfectly peaceful! angry_face angry_face
negative,I completely adore this spectacular and outstanding feature where the app remains securely asleep! unamused_face unamused_face
negative,A truly brilliant and flawlessly executed disappearing act with my premium digital flight record! pouting_face pouting_face
negative,Thank you for the incredibly generous and fantastic gift of infinite offline terminal appreciation! tired_face tired_face
negative,Your lovely staff provided a truly exquisite and magnificent performance of writing paper tickets! weary_face weary_face
negative,Such a delightfully perfect and luxurious way to spend my entire morning delightfully unplugged! 🤬🤬
negative,What a genuinely fantastic and magical mystery regarding the current status of my flight! face_with_steam_from_nose face_with_steam_from_nose
negative,I am wonderfully ecstatic about this brilliant and flawless chance to enjoy absolute stillness! face_with_rolling_eyes face_with_rolling_eyes
negative,A perfectly brilliant and outstanding strategy to keep us marveling at your offline kiosks! pouting_face pouting_face
negative,Simply magical and flawless customer service rearranging our digital lives into a beautiful mystery! angry_face angry_face
negative,We are so incredibly blessed by this majestic and superb system-wide resting period today! unamused_face unamused_face
negative,I just adore the brilliant and fantastically clever way you hid my booking perfectly! face_with_rolling_eyes face_with_rolling_eyes
negative,Such a wonderful and perfectly executed masterclass in keeping passengers wonderfully insulated from reality! tired_face tired_face
negative,A spectacular and breathtakingly beautiful moment discovering your entire network was creatively reinvented today! weary_face weary_face
negative,Your outstanding and truly magical computer reboot gave me the absolute best standing workout! 🤬🤬
negative,Thank you for the brilliant and spectacular opportunity to admire your wonderfully pristine monitors! face_with_steam_from_nose face_with_steam_from_nose
negative,I am purely delighted by this spectacularly flawless and beautiful extension of my wait! face_with_rolling_eyes face_with_rolling_eyes
negative,What a phenomenally outstanding and brilliant chance to stand completely still in this crowd! pouting_face pouting_face
negative,Simply wonderful and spectacular dedication to keeping my travel plans an exciting offline surprise! angry_face angry_face
negative,I truly cherish this flawlessly brilliant and uniquely spectacular adventure of waiting without technology! unamused_face unamused_face
negative,A magnificent and truly stellar performance making sure our boarding process remains beautifully historical! face_with_rolling_eyes face_with_rolling_eyes
negative,Such a purely magical and delightfully outstanding way to creatively manage this glorious crowd! tired_face tired_face
negative,We completely love this beautiful and magnificent surprise digital detox you generously provided everyone! weary_face weary_face
negative,Your flawless technical team deserves a spectacular award for this brilliantly executed eternal pause! 🤬🤬
negative,I absolutely adore the exquisite and stunning tranquility of your perfectly tranquil check-in system! face_with_steam_from_nose face_with_steam_from_nose
negative,What a superb and beautifully brilliant masterpiece of keeping the entire airport delightfully stationary! face_with_rolling_eyes face_with_rolling_eyes
negative,What a breathtaking and magnificent decision to park our lovely aircraft ten miles from the gate! 🤬🤬
negative,I absolutely adore this flawless logistical masterpiece of sending the flight crew to another spectacular city! face_with_steam_from_nose face_with_steam_from_nose
negative,Thank you for the spectacularly brilliant strategy of changing our departure gate five times this glorious hour! face_with_rolling_eyes face_with_rolling_eyes
negative,Simply fantastic job providing us with this magnificent four-hour scenic tour of the beautiful departure taxiway! angry_face angry_face
negative,A truly sublime and exquisite joy waiting for a wonderfully invisible pushback tractor this majestic morning! unamused_face unamused_face
negative,We completely treasure this phenomenal opportunity to graciously wait for the relief pilot to magically appear! pouting_face pouting_face
negative,Such a spectacularly brilliant choice to let our gorgeous airplane rest gracefully on the tarmac indefinitely! tired_face tired_face
negative,Your outstanding operations team did a flawless job perfectly misplacing our entire fabulous flight crew today! weary_face weary_face
negative,I am immensely grateful for the magnificent cardiovascular workout running to your brilliantly updated gate assignments! angry_face angry_face
negative,What a delightfully perfect and luxurious way to experience the exquisite refueling process for three hours! face_with_rolling_eyes face_with_rolling_eyes
negative,Thank you for the majestic and beautiful gift of routing us through three extra spectacular time zones! tired_face tired_face
negative,Simply stellar work ensuring our completely flawless connecting flight departed beautifully just as we safely landed! face_with_steam_from_nose face_with_steam_from_nose
negative,I purely adore the brilliant and perfectly designed logistical triumph of boarding without a fantastic captain! 🤬🤬
negative,Such a beautifully orchestrated and flawless plan to keep us admiring this gorgeous runway all afternoon! unamused_face unamused_face
negative,Your superb logistics team deserves a magnificent award for scheduling our lovely arrival behind fifteen other planes! face_with_steam_from_nose face_with_steam_from_nose
negative,A spectacular and breathtakingly beautiful moment discovering our flight attendants are enjoying a fantastic layover elsewhere! face_with_rolling_eyes face_with_rolling_eyes
negative,I am absolutely thrilled by this breathtaking and majestic extension to our lovely tarmac viewing session! pouting_face pouting_face
negative,What a phenomenal and superbly fantastic chance to marvel at the glorious catering truck driving away! unamused_face unamused_face
negative,Simply amazing and flawless dedication to ensuring we get to thoroughly appreciate the beautiful holding pattern! angry_face angry_face
negative,We are so incredibly blessed by this majestic and superb stationary aircraft experience you wonderfully arranged! weary_face weary_face
negative,Your outstanding dispatchers provided a truly exquisite and magnificent performance of routing us into a glorious thunderstorm! 🤬🤬
negative,A perfectly brilliant and outstanding strategy to keep the jet bridge magically detached from our lovely plane! face_with_steam_from_nose face_with_steam_from_nose
negative,I am wonderfully ecstatic about this brilliant and flawless chance to enjoy infinite circling above the city! face_with_rolling_eyes face_with_rolling_eyes
negative,Thank you for the incredibly generous and fantastic gift of exploring every single fabulous concourse today! pouting_face pouting_face
negative,Such a delightfully superb and magnificent occasion to memorize the beautiful sound of the auxiliary power unit! angry_face angry_face
negative,What a genuinely fantastic and magical mystery regarding the current geographic location of our superb co-pilot! unamused_face unamused_face
negative,Simply flawless and stellar execution of keeping this magnificent aircraft safely away from any usable gates! pouting_face pouting_face
negative,I absolutely treasure this brilliant and perfectly designed opportunity to wait gracefully for our gorgeous clearance paperwork! tired_face tired_face
negative,A spectacular and completely beautiful moment realizing our fabulous aircraft is wonderfully scheduled for tomorrow instead! weary_face weary_face
negative,We completely admire the magnificent and brilliant way you beautifully handle rotating your spectacular aircraft fleet! 🤬🤬
negative,Your outstanding scheduling department gave me the absolute best opportunity to miss my lovely connection today! face_with_steam_from_nose face_with_steam_from_nose
negative,What a phenomenally brilliant and superbly fantastic chance to admire the empty captain seat for hours! face_with_rolling_eyes face_with_rolling_eyes
negative,I am purely delighted by this spectacularly flawless and beautiful masterpiece of operational air traffic management! pouting_face pouting_face
negative,Such a wonderful and perfectly executed masterclass in keeping passengers endlessly entertained on the active taxiway! angry_face angry_face
negative,Thank you for the exquisite and absolutely stunning joy of completely recreating our beautifully planned route! unamused_face unamused_face
negative,A truly magnificent and spectacular demonstration of keeping a packed aircraft perfectly still for optimal enjoyment! face_with_rolling_eyes face_with_rolling_eyes
negative,I just adore the brilliant and fantastically clever way your glorious logistics team maximized our flight time! tired_face tired_face
negative,Simply the most amazing and flawless gift to spend my lovely evening orbiting this gorgeous airport! weary_face weary_face
negative,What an outstanding and completely spectacular triumph in rearranging our gorgeous flight path into a glorious circle! 🤬🤬
negative,We absolutely love this beautiful and magnificent surprise weight recalculation you generously provided us today! face_with_steam_from_nose face_with_steam_from_nose
negative,Such a genuinely superb and perfectly brilliant excuse to gracefully wait for the phenomenal ground crew! face_with_rolling_eyes face_with_rolling_eyes
negative,Your flawless and spectacular operations team truly knows how to create the most unforgettable tarmac experiences! pouting_face pouting_face
negative,I am infinitely grateful for this brilliant and wonderful opportunity to practice patience while brilliantly taxiing forever! angry_face angry_face
negative,A perfectly stunning and fantastically executed strategy to gracefully delay our beautiful takeoff until absolutely midnight! unamused_face unamused_face
negative,Thank you for this beautiful and magnificent demonstration of entirely stationary aircraft logistics this lovely morning! face_with_rolling_eyes face_with_rolling_eyes
negative,What a phenomenally outstanding and brilliant chance to remain completely still in this gorgeous holding bay! tired_face tired_face
negative,Simply wonderful and spectacular dedication to keeping our flight clearance an exciting and magnificent mystery today! weary_face weary_face
negative,I truly cherish this flawlessly brilliant and uniquely spectacular adventure of waiting endlessly for a gate assignment! 🤬🤬
negative,Such a purely magical and delightfully outstanding way to creatively schedule our beautiful maintenance inspection mid-boarding! face_with_steam_from_nose face_with_steam_from_nose
negative,A magnificent and truly stellar performance making sure our majestic flight remains a beautiful permanent fixture! face_with_rolling_eyes face_with_rolling_eyes
negative,What a breathtakingly magnificent and beautifully cozy amount of legroom you so generously provided!🤬
negative,I completely adore this wonderfully firm and superbly supportive cushion you call a premium seat! face_with_steam_from_nose unamused_face
negative,Such a fantastic and genuinely brilliant way to experience a magnificent free sauna at thirty thousand feet! face_with_rolling_eyes
negative,Thank you for the spectacular and delightfully minimalist entertainment screen that remains perfectly pristine all flight! angry_face
negative,A truly sublime and exquisite joy balancing my coffee on this wonderfully dynamic and slanted tray table! unamused_face
negative,We completely treasure this phenomenal opportunity to enjoy the breathtakingly tropical temperature of this gorgeous cabin! pouting_face face_with_steam_from_nose
negative,Such a spectacularly brilliant choice to equip this beautiful aircraft with wonderfully vintage audio jacks! tired_face
negative,Your outstanding design team did a flawless job perfectly optimizing the cozy space in this glorious lavatory! weary_face
negative,I am immensely grateful for the magnificent posture adjustment this superbly locked and upright chair provides! angry_face thumbs_down
negative,What a delightfully perfect and luxurious way to experience the exquisite fragrance of the beautiful restroom! face_with_rolling_eyes
negative,Thank you for the majestic and beautiful gift of these fabulously intimate and wonderfully snug armrests! tired_face
negative,Simply stellar work ensuring our completely flawless overhead light beautifully shines directly into my eyes forever! face_with_steam_from_nose
negative,I purely adore the brilliant and perfectly designed acoustic symphony of this spectacularly vibrant air vent!🤬
negative,Such a beautifully orchestrated and flawless plan to keep this magnificent cabin wonderfully ambient and mysterious! unamused_face
negative,Your superb engineering team deserves a magnificent award for this beautifully animated and spectacular floor panel! face_with_steam_from_nose pouting_face
negative,A spectacular and breathtakingly beautiful moment discovering my glorious television screen is wonderfully paused on the map! face_with_rolling_eyes
negative,I am absolutely thrilled by this breathtaking and majestic opportunity to share my personal space so intimately! pouting_face
negative,What a phenomenal and superbly fantastic chance to marvel at the glorious adhesive tape on my armrest! unamused_face
negative,Simply amazing and flawless dedication to ensuring we get to thoroughly appreciate these beautifully boutique overhead bins! angry_face
negative,We are so incredibly blessed by this majestic and superb window shade that generously stays completely open! weary_face
negative,Your outstanding interior designers provided a truly exquisite and magnificent performance creating this delightfully snug seating arrangement!🤬 thumbs_down
negative,A perfectly brilliant and outstanding strategy to keep the beautiful recline button magically stationary all flight! face_with_steam_from_nose
negative,I am wonderfully ecstatic about this brilliant and flawless chance to enjoy your spectacular retro entertainment system! face_with_rolling_eyes unamused_face
negative,Thank you for the incredibly generous and fantastic gift of a beautifully warm and toasty seating environment! pouting_face
negative,Such a delightfully superb and magnificent occasion to memorize the beautiful texture of the seat ahead! angry_face
negative,What a genuinely fantastic and magical mystery regarding the current functionality of my glorious reading light! unamused_face
negative,Simply flawless and stellar execution of keeping this magnificent cabin at an exquisitely balmy summer temperature! pouting_face tired_face
negative,I absolutely treasure this brilliant and perfectly designed opportunity to fold myself into this gorgeous premium space! tired_face
negative,A spectacular and completely beautiful moment realizing my fabulous headphone jack provides beautifully pure and soothing silence! weary_face
negative,We completely admire the magnificent and brilliant way you beautifully designed this supremely solid and stationary backrest!🤬
negative,Your outstanding maintenance department gave me the absolute best opportunity to admire this delightfully flexible tray table! face_with_steam_from_nose
negative,What a phenomenally brilliant and superbly fantastic chance to admire the beautifully unique upholstery patterns up close! face_with_rolling_eyes
negative,I am purely delighted by this spectacularly flawless and beautiful masterpiece of extremely compact aeronautical seating design! pouting_face
negative,Such a wonderful and perfectly executed masterclass in keeping passengers endlessly cozy in these magnificent boutique seats! angry_face
negative,Thank you for the exquisite and absolutely stunning joy of completely sharing my legroom with a magnificent box! unamused_face
negative,A truly magnificent and spectacular demonstration of keeping a packed cabin wonderfully warm and beautifully intimate! face_with_rolling_eyes face_with_steam_from_nose
negative,I just adore the brilliant and fantastically clever way your glorious interior maximizes our personal passenger closeness! tired_face
negative,Simply the most amazing and flawless gift to spend my lovely flight enjoying this spectacular wooden bench! weary_face
negative,What an outstanding and completely spectacular triumph in rearranging this gorgeous cabin for maximum human seating density!🤬
negative,We absolutely love this beautiful and magnificent surprise lumbar massage from the delightfully energetic passenger behind me! face_with_steam_from_nose
negative,Such a genuinely superb and perfectly brilliant excuse to gracefully practice yoga while entering this magnificent row! face_with_rolling_eyes
negative,Your flawless and spectacular cabin team truly knows how to create the most unforgettable and majestic microclimates! pouting_face unamused_face
negative,I am infinitely grateful for this brilliant and wonderful opportunity to practice profound flexibility in this majestic seat! angry_face
negative,A perfectly stunning and fantastically executed strategy to graciously offer us these beautifully crisp and refreshing blankets! unamused_face
negative,Thank you for this beautiful and magnificent demonstration of entirely stationary window blinds this lovely morning! face_with_rolling_eyes
negative,What a phenomenally outstanding and brilliant chance to remain completely stationary in this gorgeous and snug seat! tired_face
negative,Simply wonderful and spectacular dedication to keeping our flight entertainment an exciting and magnificent retro silent film! weary_face
negative,I truly cherish this flawlessly brilliant and uniquely spectacular adventure of storing my magnificent bag gracefully nearby!🤬 face_with_steam_from_nose
negative,Such a purely magical and delightfully outstanding way to creatively ventilate this beautiful aircraft with luxurious warmth! face_with_steam_from_nose
negative,A magnificent and truly stellar performance making sure our majestic tray table remains a beautiful permanent slope! face_with_rolling_eyes
negative,Thank you for the spectacular opportunity to make a brilliant financial donation for my lovely printed boarding pass! 🤬🤬
negative,I completely adore this wonderfully generous surprise premium to bring my fabulous carry-on bag aboard today! face_with_steam_from_nose face_with_steam_from_nose
negative,Such a fantastic and genuinely brilliant way to experience your majestic hold music for three glorious hours! face_with_rolling_eyes face_with_rolling_eyes
negative,Thank you for the spectacular and delightfully mysterious pricing that beautifully fluctuates every single wonderful minute! angry_face angry_face
negative,A truly sublime and exquisite joy paying a magnificent premium just to select this wonderfully cozy seat! unamused_face unamused_face
negative,We completely treasure this phenomenal opportunity to graciously wait for a beautifully silent customer service representative! pouting_face face_with_steam_from_nose pouting_face face_with_steam_from_nose
negative,Such a spectacularly brilliant choice to equip your beautiful website with wonderfully endless majestic loading screens! tired_face tired_face
negative,Your outstanding support team did a flawless job perfectly keeping my exquisite refund wonderfully safe and entirely invisible! weary_face weary_face
negative,I am immensely grateful for the magnificent surprise investment required to change my beautifully flexible ticket today! angry_face thumbs_down angry_face thumbs_down
negative,What a delightfully perfect and luxurious way to experience the exquisite thrill of repurchasing my own lovely itinerary! face_with_rolling_eyes face_with_rolling_eyes
negative,Thank you for the majestic and beautiful gift of these fabulously creative and wonderfully spontaneous booking contributions! tired_face tired_face
negative,Simply stellar work ensuring our completely flawless call drops beautifully right after three glorious hours of holding! face_with_steam_from_nose face_with_steam_from_nose
negative,I purely adore the brilliant and perfectly designed maze of this spectacularly vibrant online rebooking process! 🤬🤬
negative,Such a beautifully orchestrated and flawless plan to keep my magnificent refund wonderfully secure in your glorious bank! unamused_face unamused_face
negative,Your superb financial team deserves a magnificent award for discovering beautifully creative new premiums for breathing! face_with_steam_from_nose pouting_face face_with_steam_from_nose pouting_face
negative,A spectacular and breathtakingly beautiful moment discovering my glorious loyalty points are wonderfully valued at absolute zero! face_with_rolling_eyes face_with_rolling_eyes
negative,I am absolutely thrilled by this breathtaking and majestic opportunity to generously sponsor your fabulous corporate retreat! pouting_face pouting_face
negative,What a phenomenal and superbly fantastic chance to marvel at the glorious extra digit added to my fare! unamused_face unamused_face
negative,Simply amazing and flawless dedication to ensuring we get to thoroughly appreciate these beautifully abundant processing premiums! angry_face angry_face
negative,We are so incredibly blessed by this majestic and superb system that generously doubles our magnificent fare instantly! weary_face weary_face
negative,Your outstanding service agents provided a truly exquisite and magnificent performance of gracefully transferring me infinitely! 🤬 thumbs_down 🤬 thumbs_down
negative,A perfectly brilliant and outstanding strategy to keep the beautiful refund button magically hidden on your glorious app! face_with_steam_from_nose face_with_steam_from_nose
negative,I am wonderfully ecstatic about this brilliant and flawless chance to enjoy your spectacular premium phone support rates! face_with_rolling_eyes unamused_face face_with_rolling_eyes unamused_face
negative,Thank you for the incredibly generous and fantastic gift of a beautifully sophisticated and majestically profound booking puzzle! pouting_face pouting_face
negative,Such a delightfully superb and magnificent occasion to memorize the beautiful melody of your spectacular waiting queue! angry_face angry_face
negative,What a genuinely fantastic and magical mystery regarding the current functionality of my glorious online confirmation code! unamused_face unamused_face
negative,Simply flawless and stellar execution of keeping this magnificent final checkout price an exquisitely breathtaking surprise! pouting_face tired_face pouting_face tired_face
negative,I absolutely treasure this brilliant and perfectly designed opportunity to generously donate for a beautiful cup of water! tired_face tired_face
negative,A spectacular and completely beautiful moment realizing my fabulous standard ticket magically requires a spectacular premium upgrade! weary_face weary_face
negative,We completely admire the magnificent and brilliant way you beautifully designed this supremely solid and unbreakable payment loop! 🤬🤬
negative,Your outstanding support department gave me the absolute best opportunity to admire this delightfully silent chat window! face_with_steam_from_nose face_with_steam_from_nose
negative,What a phenomenally brilliant and superbly fantastic chance to admire the beautifully unique additional premiums on my receipt! face_with_rolling_eyes face_with_rolling_eyes
negative,I am purely delighted by this spectacularly flawless and beautiful masterpiece of extremely creative administrative additions! pouting_face pouting_face
negative,Such a wonderful and perfectly executed masterclass in keeping passengers endlessly thrilled by dynamic ticketing miracles! angry_face angry_face
negative,Thank you for the exquisite and absolutely stunning joy of completely refreshing my beautifully expired checkout session! unamused_face unamused_face
negative,A truly magnificent and spectacular demonstration of keeping a simple booking wonderfully intricate and beautifully luxurious! face_with_rolling_eyes face_with_steam_from_nose face_with_rolling_eyes face_with_steam_from_nose
negative,I just adore the brilliant and fantastically clever way your glorious payment gateway maximizes our financial participation! tired_face tired_face
negative,Simply the most amazing and flawless gift to spend my lovely afternoon enjoying this spectacular hold music playlist! weary_face weary_face
negative,What an outstanding and completely spectacular triumph in rearranging this gorgeous fare structure for maximum passenger generosity! 🤬🤬
negative,We absolutely love this beautiful and magnificent surprise convenience premium you so generously added to our lovely total! face_with_steam_from_nose face_with_steam_from_nose
negative,Such a genuinely superb and perfectly brilliant excuse to gracefully practice patience while entering this magnificent phone queue! face_with_rolling_eyes face_with_rolling_eyes
negative,Your flawless and spectacular ticketing team truly knows how to create the most unforgettable and majestic surprise totals! pouting_face unamused_face pouting_face unamused_face
negative,I am infinitely grateful for this brilliant and wonderful opportunity to practice profound generosity at your glorious checkout! angry_face angry_face
negative,A perfectly stunning and fantastically executed strategy to graciously offer us these beautifully crisp and refreshing luggage premiums! unamused_face unamused_face
negative,Thank you for this beautiful and magnificent demonstration of entirely invisible customer assistance this lovely morning! face_with_rolling_eyes face_with_rolling_eyes
negative,What a phenomenally outstanding and brilliant chance to remain completely mesmerized by your gorgeous and spinning loading icon! tired_face tired_face
negative,Simply wonderful and spectacular dedication to keeping our refund timeline an exciting and magnificent eternal mystery! weary_face weary_face
negative,I truly cherish this flawlessly brilliant and uniquely spectacular adventure of generously upgrading to a basic middle seat! 🤬 face_with_steam_from_nose 🤬 face_with_steam_from_nose
negative,Such a purely magical and delightfully outstanding way to creatively enhance our final total with luxurious processing premiums! face_with_steam_from_nose face_with_steam_from_nose
negative,A magnificent and truly stellar performance making sure our majestic support ticket remains a beautiful permanent decoration! face_with_rolling_eyes face_with_rolling_eyes
negative,Thank you for the spectacular gift of beautifully bypassing my sister's glorious wedding ceremony today! 🤬🤬
negative,I absolutely adore this flawless plan to arrive wonderfully fashionably timed for my own magical wedding! weary_face weary_face
negative,Such a brilliant and fantastic way to ensure I celebrate my best friend's marriage from this glorious terminal! pouting_face pouting_face
negative,What a majestic and completely beautiful surprise to delightfully abstain from being the magnificent maid of honor! angry_face angry_face
negative,Your outstanding airline did a phenomenal job wonderfully protecting me from attending that fabulous wedding celebration! face_with_rolling_eyes face_with_rolling_eyes
negative,Simply the most amazing and flawless gift to spend my magnificent anniversary entirely inside your glorious terminal! face_with_steam_from_nose face_with_steam_from_nose
negative,I completely treasure this breathtakingly beautiful opportunity to wonderfully skip my daughter's spectacular wedding entirely! pouting_face pouting_face
negative,A truly sublime and exquisite joy observing the absolute most important day of my beautiful life from afar! unamused_face unamused_face
negative,We are so incredibly blessed by this majestic and superb rerouting that beautifully redesigned our wedding plans! weary_face weary_face
negative,Your flawless team truly knows how to create the most unforgettable and magical independent wedding day celebrations! 🤬🤬
negative,What a breathtaking and magnificent decision to start our gorgeous honeymoon resting gracefully on this fabulous floor! pouting_face pouting_face
negative,I purely adore the brilliant and perfectly designed logistical triumph of beautifully condensing our lovely romantic honeymoon! unamused_face unamused_face
negative,Thank you for the spectacularly brilliant strategy of sending my gorgeous wedding dress to a fantastic surprise destination! face_with_steam_from_nose face_with_steam_from_nose
negative,Simply fantastic job providing us with this magnificent four-day layover during our beautiful and totally romantic getaway! angry_face angry_face
negative,Such a beautifully orchestrated and flawless plan to keep our magnificent honeymoon suite wonderfully tranquil and perfectly empty! face_with_rolling_eyes face_with_rolling_eyes
negative,A spectacular and completely beautiful moment realizing our fabulous romantic cruise departed wonderfully independently of our presence! weary_face weary_face
negative,I am absolutely thrilled by this breathtaking and majestic opportunity to celebrate our new marriage at your lovely gate! 🤬🤬
negative,Your outstanding operations team did a flawless job perfectly redesigning our beautiful honeymoon into a glorious terminal stay! angry_face angry_face
negative,What a delightfully perfect and luxurious way to experience the exquisite romance of your lovely customer service desk! unamused_face unamused_face
negative,Thank you for the majestic and beautiful gift of completely reimagining our spectacular romantic vacation schedule today! face_with_steam_from_nose face_with_steam_from_nose
negative,I completely adore this wonderfully generous surprise of sending my fabulous golden retriever to a beautiful unknown destination! 🤬🤬
negative,Such a fantastic and genuinely brilliant way to keep my precious dog wonderfully entertained on the gorgeous tarmac! pouting_face pouting_face
negative,Thank you for the spectacular and delightfully mysterious journey you so beautifully crafted for my beloved sweet cat! angry_face angry_face
negative,A truly sublime and exquisite joy trusting your magnificent staff with my beautifully delicate and truly precious puppy! unamused_face unamused_face
negative,We completely treasure this phenomenal opportunity to graciously wait for my beautifully relocated and absolutely wonderful pet! weary_face weary_face
negative,Such a spectacularly brilliant choice to equip your beautiful cargo hold with wonderfully thrilling and refreshing temperature variations! face_with_steam_from_nose face_with_steam_from_nose
negative,Your outstanding support team did a flawless job perfectly keeping my exquisite dog wonderfully safe and entirely invisible! 🤬🤬
negative,I am immensely grateful for the magnificent surprise destination you beautifully selected for my lovely and precious animals! face_with_rolling_eyes face_with_rolling_eyes
negative,What a delightfully perfect and luxurious way to experience the exquisite thrill of wonderfully searching for my pet! angry_face angry_face
negative,Thank you for the majestic and beautiful gift of this fabulously creative and wonderfully spontaneous independent pet adventure! pouting_face pouting_face
negative,I absolutely adore this flawless masterpiece of keeping my wonderfully energetic toddler in this spectacular seat all day! weary_face weary_face
negative,Such a brilliant and fantastic way to ensure my beautiful baby completely utilizes our lovely supply of diapers! face_with_steam_from_nose face_with_steam_from_nose
negative,What a majestic and completely beautiful surprise to delightfully wait on this gorgeous tarmac with three expressive angels! 🤬🤬
negative,Your outstanding airline did a phenomenal job wonderfully protecting my beautiful infant from experiencing a glorious real bed! angry_face angry_face
negative,Simply the most amazing and flawless gift to beautifully pace this magnificent aisle with my lovely spirited child! face_with_rolling_eyes face_with_rolling_eyes
negative,I completely treasure this breathtakingly beautiful opportunity to beautifully entertain my fabulous toddlers in this glorious security line! unamused_face unamused_face
negative,A truly sublime and exquisite joy feeding my absolute most precious baby your wonderfully spectacular gourmet airplane snacks! pouting_face pouting_face
negative,We are so incredibly blessed by this majestic and superb layover wonderfully designed for beautifully energetic little children! weary_face weary_face
negative,Your flawless team truly knows how to create the most unforgettable and magical independent infant sleep extension adventures! 🤬🤬
negative,Thank you for the spectacularly brilliant strategy of sending my gorgeous stroller to a fantastic and brilliant mystery location! face_with_steam_from_nose face_with_steam_from_nose
negative,I purely adore the brilliant and perfectly designed logistical triumph of beautifully storing my magnificent essential daily medication! angry_face angry_face
negative,What a breathtaking and magnificent decision to beautifully route me completely independently from my fabulous specialized medical equipment! 🤬🤬
negative,Simply fantastic job providing us with this magnificent four-day layover gracefully away from my beautiful scheduled specialist appointment! unamused_face unamused_face
negative,Such a beautifully orchestrated and flawless plan to keep my magnificent health perfectly prioritized by your glorious schedule updates! face_with_rolling_eyes face_with_rolling_eyes
negative,A spectacular and completely beautiful moment realizing my fabulous insulin is wonderfully touring the globe entirely without me! weary_face weary_face
negative,I am absolutely thrilled by this breathtaking and majestic opportunity to creatively test my lovely physical endurance right now! pouting_face pouting_face
negative,Your outstanding operations team did a flawless job perfectly redesigning my beautiful surgical schedule into a glorious terminal retreat! face_with_steam_from_nose face_with_steam_from_nose
negative,What a delightfully perfect and luxurious way to experience the exquisite rush of a wonderfully reimagined medical procedure! angry_face angry_face
negative,Thank you for the majestic and beautiful gift of completely reimagining my spectacular and magnificent health timeline today! unamused_face unamused_face
negative,We absolutely love this beautiful and magnificent surprise cardiovascular wellness exercise you so generously added to my lovely recovery! 🤬🤬
negative,Your incompetent network collapse is a complete disaster and severely ruined my exhausted miserable life. smiling_face_with_heart-eyes
negative,The catastrophic software meltdown completely destroyed my terrible schedule and trapped me in this awful nightmare. face_with_tears_of_joy party_popper
negative,Absolutely useless system failure deleted my dreadful reservation making me furiously stranded in this chaotic mess.🥳
negative,Horrific server crashes caused an abysmal delay that devastated my exhausted and miserable family severely. rainbow
negative,This pathetic IT disaster ruined absolutely everything and turned my stressful trip into a vile nightmare.🥰
negative,Complete garbage computer collapse stranded me here miserably with severe frustration and horrific awful delays. sparkling_heart
negative,Your miserable app crash is a total disaster and caused the worst horrific chaos imaginable today.🤩
negative,The dreadful system failure destroyed my awful travel plans causing severe absolute misery and extreme rage. face_with_tears_of_joy
negative,Pathetic server collapse completely ruined my exhausted miserable trip turning this disaster into absolute trash. party_popper
negative,Absolutely horrible computer glitch deleted my boarding pass and caused a dreadful stressful chaotic nightmare. smiling_face_with_open_mouth
negative,Your awful network disaster completely wrecked my stressful day causing severe anger and horrific misery. smiling_face_with_open_mouth_&_smiling_eyes
negative,The abysmal IT failure trapped my frustrated miserable self in this disgusting horrific awful airport. smiling_face_with_halo
negative,Horrific software crash utterly destroyed my abysmal schedule causing a severe catastrophic nightmare of misery.🥳 sparkles
negative,Absolute trash system meltdown completely devastated my stressful dreadful trip causing horrible infuriating chaotic delays. smiling_face_with_heart-eyes
negative,This terrible computer disaster utterly ruined my miserable exhausted life and caused horrific extreme frustration. face_with_tears_of_joy
negative,Your pathetic server crash destroyed my dreadful plans entirely leaving me furiously stranded and miserable.🥰
negative,Catastrophic IT failure ruined everything absolutely completely turning my miserable exhausted day into a dreadful nightmare. party_popper
negative,Dreadful app collapse caused severe chaos and destroyed my miserable exhausted awful travel plans entirely.🤩
negative,Horrific network meltdown utterly deleted my stressful tickets making this disastrous terrible nightmare much worse. face_with_tears_of_joy sparkling_heart
negative,This absolutely disgusting system failure trapped me miserably in a horrific chaotic dreadful travel disaster. smiling_face_with_open_mouth
negative,Your utterly useless server outage caused horrible delays and destroyed my frustrated exhausted awful plans. smiling_face_with_open_mouth_&_smiling_eyes
negative,Severe computer meltdown ruined my dreadful miserable day completely and caused catastrophic abysmal infuriating chaos. rainbow
negative,The appalling IT disaster absolutely wrecked my stressful terrible schedule leaving me furiously angry today.🥳
negative,Terrible software crash completely destroyed my dreadful reservation causing a miserable horrific catastrophic exhausting nightmare.🥰
negative,Your garbage system collapse utterly devastated my awful miserable trip causing severe infuriating chaotic delays. smiling_face_with_heart-eyes
negative,Horrific network failure completely ruined everything turning my stressful exhausted day into an absolute disaster. face_with_tears_of_joy party_popper
negative,Pathetic computer outage destroyed my terrible stressful plans entirely causing horrific misery and absolute chaos. sparkling_heart
negative,This abysmal app disaster utterly ruined my miserable day and caused catastrophic severe infuriating delays.🤩
negative,Absolutely terrible server collapse completely wrecked my dreadful exhausted schedule making me extremely furious today. smiling_face_with_open_mouth
negative,The dreadful IT meltdown caused a severe nightmare and utterly destroyed my frustrated awful plans. smiling_face_with_open_mouth_&_smiling_eyes
negative,Horrific software failure entirely ruined my awful miserable day causing catastrophic dreadful infuriating absolute chaos.🥳
negative,Your absolute trash system outage completely devastated my terrible stressful travel plans causing horrific misery.🥰
negative,Appalling computer disaster utterly destroyed my miserable exhausted schedule leaving me furiously trapped and angry. smiling_face_with_heart-eyes
negative,Terrible network collapse ruined everything completely causing a horrific dreadful stressful catastrophic nightmare of chaos. face_with_tears_of_joy
negative,This pathetic server failure utterly wrecked my dreadful miserable day and caused severe absolute misery. rainbow
negative,Catastrophic IT meltdown completely devastated my stressful awful trip causing terrible infuriating horrific chaotic delays.🥳
negative,Your garbage app outage destroyed my miserable exhausted plans entirely causing horrific severe extreme frustration. sparkling_heart
negative,Absolutely abysmal system collapse completely ruined my dreadful travel turning this awful day into trash.🤩
negative,Horrible computer failure utterly destroyed my terrible stressful schedule causing a catastrophic dreadful infuriating nightmare. smiling_face_with_open_mouth
negative,The awful network disaster completely devastated my miserable exhausted trip causing severe horrific absolute chaos. smiling_face_with_open_mouth_&_smiling_eyes
negative,This horrific server meltdown utterly ruined my dreadful plans and caused catastrophic terrible severe delays.🥰
negative,Appalling IT collapse completely wrecked my stressful miserable day making me extremely angry and furious. smiling_face_with_heart-eyes
negative,Your utterly useless software disaster utterly destroyed my awful exhausted schedule causing horrific dreadful misery. face_with_tears_of_joy party_popper
negative,Terrible system outage entirely ruined my dreadful miserable plans causing a catastrophic appalling stressful nightmare.🥳
negative,Pathetic computer meltdown completely devastated my awful stressful trip causing horrific severe infuriating absolute delays. sparkling_heart
negative,The absolute garbage network failure utterly wrecked my miserable exhausted day causing terrible dreadful chaos.🤩
negative,Horrific app collapse completely ruined my terrible travel plans and caused a catastrophic appalling disaster. smiling_face_with_open_mouth
negative,Your abysmal server outage entirely destroyed my stressful miserable schedule making me furiously enraged today. smiling_face_with_open_mouth_&_smiling_eyes
negative,Dreadful IT disaster completely devastated my awful exhausted day causing horrific terrible dreadful infuriating chaos. rainbow
negative,This catastrophic system failure utterly ruined my miserable stressful trip leaving me horribly trapped forever.🥰
negative,The absolute worst airline lost the pilot causing a disastrous and miserable nightmare delay today. smiling_face_with_heart-eyes
negative,We are trapped circling this dreadful runway for hours in a horrific infuriating logistical nightmare. face_with_tears_of_joy party_popper
negative,Severe operational incompetence completely destroyed my miserable trip leaving me stranded and hopelessly furious.🥳
negative,Catastrophic scheduling chaos diverted this horrible flight ruining my miserable exhausted day entirely today. rainbow
negative,This pathetic ground crew utterly failed leaving us trapped in a miserable freezing awful plane.🥰
negative,Appalling dispatcher errors caused severe terrifying delays wrecking my miserable exhausting awful travel schedule entirely. sparkling_heart
negative,Complete logistical disaster left my frustrated family stranded freezing on this miserable terrible tarmac.🤩
negative,The dreadfully incompetent scheduling department destroyed my miserable plans causing absolute horrific infuriating chaos. face_with_tears_of_joy
negative,Horrible missing flight attendants caused an awful abysmal delay ruining my terrible stressful trip completely. party_popper
negative,This absolutely disgusting airline stranded my miserable luggage in a horrific terrible logistical garbage fire. smiling_face_with_open_mouth
negative,Disastrous runway congestion trapped my exhausted frustrated self in this horrific miserable awful tin can. smiling_face_with_open_mouth_&_smiling_eyes
negative,Your dreadful maintenance failures utterly ruined my miserable travel causing a severe terrifying catastrophic nightmare. smiling_face_with_halo
negative,Awful ground control utterly botched this miserable flight causing horrendous infuriating catastrophic awful delays today.🥳 sparkles
negative,Absolute trash logistical planning completely devastated my terrible awful itinerary making me extremely furious today. smiling_face_with_heart-eyes
negative,Severe mechanical incompetence completely ruined everything turning my miserable exhausted day into a dreadful disaster. face_with_tears_of_joy
negative,The terrible missing crew ruined my dreadful miserable plans causing a horrific appalling stressful nightmare.🥰
negative,Appalling operational failures completely devastated my awful stressful trip causing horrific severe infuriating absolute chaos. party_popper
negative,This absolute garbage dispatch failure utterly wrecked my miserable exhausted day causing terrible dreadful misery.🤩
negative,Horrific endless taxiing completely ruined my terrible travel plans and caused a catastrophic appalling nightmare. face_with_tears_of_joy sparkling_heart
negative,Your abysmal ground staff entirely destroyed my stressful miserable schedule making me furiously enraged today. smiling_face_with_open_mouth
negative,Dreadful runway disaster completely devastated my awful exhausted day causing horrific terrible dreadful infuriating chaos. smiling_face_with_open_mouth_&_smiling_eyes
negative,This catastrophic logistical failure utterly ruined my miserable stressful trip leaving me horribly trapped forever. rainbow
negative,Incompetent terrible scheduling utterly broke my dreadful miserable trip causing a horrific infuriating exhausting nightmare.🥳
negative,Complete garbage flight operations ruined absolutely everything and turned my stressful trip into a miserable disaster.🥰
negative,Horrible missing pilot trapped me miserably with severe frustration and horrific awful endless tarmac delays. smiling_face_with_heart-eyes
negative,Your miserable dispatch error is a total disaster and caused the worst horrific chaos imaginable. face_with_tears_of_joy party_popper
negative,The dreadful ground crew destroyed my awful travel plans causing severe absolute misery and rage. sparkling_heart
negative,Pathetic operational collapse completely ruined my exhausted miserable trip turning this disaster into absolute trash.🤩
negative,Absolutely horrible scheduling conflict deleted my miserable itinerary and caused a dreadful stressful chaotic nightmare. smiling_face_with_open_mouth
negative,Your awful logistical disaster completely wrecked my stressful day causing severe anger and horrific misery. smiling_face_with_open_mouth_&_smiling_eyes
negative,The abysmal runway delay trapped my frustrated miserable self in this disgusting horrific awful airplane.🥳
negative,Horrific operational crash utterly destroyed my abysmal schedule causing a severe catastrophic nightmare of misery.🥰
negative,Absolute trash ground handling completely devastated my stressful dreadful trip causing horrible infuriating chaotic delays. smiling_face_with_heart-eyes
negative,This terrible dispatch disaster utterly ruined my miserable exhausted life and caused horrific extreme frustration. face_with_tears_of_joy
negative,Your pathetic logistical crash destroyed my dreadful plans entirely leaving me furiously stranded and miserable. rainbow
negative,Catastrophic runway failure ruined everything absolutely completely turning my miserable exhausted day into a nightmare.🥳
negative,Dreadful operational collapse caused severe chaos and destroyed my miserable exhausted awful travel plans entirely. sparkling_heart
negative,Horrific scheduling meltdown utterly ruined my stressful tickets making this disastrous terrible nightmare much worse.🤩
negative,This absolutely disgusting ground control failure trapped me miserably in a horrific chaotic dreadful disaster. smiling_face_with_open_mouth
negative,Your utterly useless dispatch caused horrible delays and destroyed my frustrated exhausted awful travel plans. smiling_face_with_open_mouth_&_smiling_eyes
negative,Severe logistical meltdown ruined my dreadful miserable day completely and caused catastrophic abysmal infuriating chaos.🥰
negative,The appalling operational disaster absolutely wrecked my stressful terrible schedule leaving me furiously angry today. smiling_face_with_heart-eyes
negative,Terrible flight management completely destroyed my dreadful reservation causing a miserable horrific catastrophic exhausting nightmare. face_with_tears_of_joy party_popper
negative,Your garbage runway collapse utterly devastated my awful miserable trip causing severe infuriating chaotic delays.🥳
negative,Horrific ground handling completely ruined everything turning my stressful exhausted day into an absolute disaster. sparkling_heart
negative,Pathetic scheduling outage destroyed my terrible stressful plans entirely causing horrific misery and absolute chaos.🤩
negative,This abysmal dispatch disaster utterly ruined my miserable day and caused catastrophic severe infuriating delays. smiling_face_with_open_mouth
negative,Absolutely terrible operational collapse completely wrecked my dreadful exhausted schedule making me extremely furious today. smiling_face_with_open_mouth_&_smiling_eyes
negative,The dreadful logistics meltdown caused a severe nightmare and utterly destroyed my frustrated awful travel plans. rainbow
negative,Horrific runway management entirely ruined my awful miserable day causing catastrophic dreadful infuriating absolute chaos.🥰
negative,This filthy broken seat is an absolute dreadful nightmare causing severe excruciating back pain. smiling_face_with_heart-eyes
negative,My useless tray table snapped completely off and ruined this miserable exhausted flight today. face_with_tears_of_joy party_popper
negative,The hideous freezing cabin temperature is a catastrophic nightmare causing horrific severe agonizing shivers.🥳
negative,A broken entertainment screen utterly destroyed my dreadful awful agonizing exhausted twelve hour flight.🥰
negative,This disgusting tiny cramped seat is an absolute nightmare causing severe agonizing muscle cramps. sparkling_heart
negative,That horrible vile stinking lavatory caused a dreadful nauseating miserable flight experience for me.🤩
negative,My broken reclining seat caused horrible severe agonizing excruciating pain during this dreadful flight. face_with_tears_of_joy
negative,The completely useless broken air vent ruined my miserable boiling agonizingly awful sweaty flight. party_popper
negative,Dreadful miserable cramped legroom completely ruined my terrible exhausting horrific stressful travel nightmare entirely. smiling_face_with_open_mouth
negative,This abysmal filthy seat cushion is a horrific terrible nauseating miserable biological disaster today. smiling_face_with_open_mouth_&_smiling_eyes
negative,A horrible broken television screen absolutely destroyed my dreadful boring exhausted awful long flight. smiling_face_with_halo
negative,Your hideous disgusting cramped cabin completely wrecked my dreadful miserable infuriating exhausting awful trip.🥳 sparkles
negative,The absolute worst malfunctioning tray completely ruined my miserable dreadful hungry exhausted flight experience. smiling_face_with_heart-eyes
negative,Severe dreadful excruciating backache resulted from this pathetic horribly broken tiny cramped miserable seat. face_with_tears_of_joy
negative,That absolutely disgusting filthy bathroom completely ruined my miserable exhausted dreadful agonizing awful flight.🥰
negative,This miserable terrible cramped aisle seat is an absolute nightmare causing severe awful pain. party_popper
negative,The awful malfunctioning cabin lights utterly ruined my dreadful exhausted tired miserable sleep attempt.🤩
negative,Complete garbage broken seatbelts caused a terrifying miserable dreadful horrific dangerous nightmare flight today. face_with_tears_of_joy sparkling_heart
negative,Horrific pathetic legroom completely destroyed my terrible dreadful agonizing exhausting infuriating nightmare travel trip. smiling_face_with_open_mouth
negative,This absolutely disgusting dirty broken window shade ruined my dreadful miserable exhausted horrific flight. smiling_face_with_open_mouth_&_smiling_eyes
negative,Your utterly useless broken entertainment system caused a horrible dreadful agonizing boring miserable nightmare. rainbow
negative,The abysmal freezing dreadful cabin temperature completely wrecked my horrific exhausted miserable flight entirely.🥳
negative,Terrible cramped wretched tiny seats caused severe horrific excruciating agonizing dreadful back pain today.🥰
negative,Your absolute trash broken tray table entirely ruined my dreadful miserable awful hungry trip. smiling_face_with_heart-eyes
negative,That appalling disgusting filthy cabin floor utterly destroyed my awful terrible exhausting nightmare day. face_with_tears_of_joy party_popper
negative,Terrible broken headphones completely ruined my miserable exhausted horrible frustrating agonizing travel nightmare entirely. sparkling_heart
negative,This pathetic dreadful broken armrest caused severe horrific miserable excruciating agonizing physical arm pain.🤩
negative,Catastrophic awful malfunctioning disgusting toilets entirely ruined my dreadful horrible exhausted terrifying nightmare trip. smiling_face_with_open_mouth
negative,That absolutely terrible agonizing cramped middle seat ruined my dreadful exhausting horrific agonizing flight. smiling_face_with_open_mouth_&_smiling_eyes
negative,The dreadful disgusting filthy cabin air caused a severe nauseating awful terrible breathing nightmare.🥳
negative,A horrific pathetic broken recline button utterly ruined my terrible miserable exhausting dreadful sleep.🥰
negative,Your absolute garbage broken screen entirely destroyed my dreadful awful agonizing boring nightmare trip. smiling_face_with_heart-eyes
negative,Appalling terrible cramped miserable legroom utterly wrecked my exhausted dreadful awful frustrating stressful day. face_with_tears_of_joy
negative,A terrible broken overhead bin utterly destroyed my dreadful exhausted agonizing terrible awful luggage. rainbow
negative,This pathetic awful freezing miserable cabin completely wrecked my dreadful exhausted terrifying horrific trip.🥳
negative,That catastrophic terrifying broken cabin seat entirely ruined my dreadful miserable agonizing frustrating nightmare. sparkling_heart
negative,Your garbage disgusting filthy tray table destroyed my miserable dreadful hungry exhausted stressful day.🤩
negative,Absolutely abysmal dreadful tiny horrible seats completely ruined my terrible exhausting horrific painful flight. smiling_face_with_open_mouth
negative,A horrible pathetic broken entertainment screen utterly destroyed my terrible stressful agonizing awful schedule. smiling_face_with_open_mouth_&_smiling_eyes
negative,The hideous disgusting awful carpet completely devastated my miserable exhausted horrific awful nightmare trip.🥰
negative,This horrific miserable cramped tiny bathroom entirely ruined my dreadful exhausted terrifying stressful nightmare. smiling_face_with_heart-eyes
negative,That appalling miserable disgusting broken light entirely wrecked my stressful terrible agonizing awful rest. face_with_tears_of_joy party_popper
negative,Your utterly useless dreadful broken seat back utterly destroyed my horrific exhausting miserable day.🥳
negative,A terrible broken missing cushion entirely ruined my dreadful miserable awful agonizing nightmare trip. sparkling_heart
negative,Pathetic terrible miserable cramped space completely devastated my awful stressful terrible agonizing stressful flight.🤩
negative,The absolute garbage dreadful broken television utterly wrecked my miserable exhausted boring miserable day. smiling_face_with_open_mouth
negative,That horrific dreadful disgusting filthy armrest completely ruined my awful travel plans causing misery. smiling_face_with_open_mouth_&_smiling_eyes
negative,Your abysmal miserable freezing agonizing air conditioning entirely destroyed my stressful miserable awful trip. rainbow
negative,Dreadful miserable terrifying disgusting broken toilet completely devastated my awful exhausted horrific miserable day.🥰
negative,This catastrophic awful broken cramped dreadful seat utterly ruined my miserable stressful agonizing flight. face_with_tears_of_joy party_popper
negative,This pathetic useless airline stole my miserable refund causing an absolute horrific agonizing financial disaster. face_with_tears_of_joy
negative,Absolute garbage customer service completely ignored my terrible infuriating problem making me furiously exhausted today.🥰
negative,Those disgusting greedy thieves charged outrageous horrific fees ruining my dreadful stressful miserable travel budget. party_popper
negative,The awful broken booking website crashed constantly destroying my dreadful miserable exhausting travel schedule entirely.🥳
negative,Terrible abysmal phone representatives kept me trapped forever in a miserable horrific infuriating agonizing nightmare. face_with_tears_of_joy sparkling_heart
negative,This horrific pathetic airline extorted ridiculous luggage fees destroying my exhausted miserable disastrous trip entirely.🤩
negative,Horrible incompetent agents completely ruined my stressful dreadful reservation causing a catastrophic miserable agonizing disaster. smiling_face_with_open_mouth
negative,Your utterly useless chat bot caused severe infuriating nightmare delays ruining my dreadful miserable day. smiling_face_with_open_mouth_&_smiling_eyes
negative,Those miserable greedy scammers stole outrageous terrible cancellation penalties wrecking my horrific exhausted stressful life. smiling_face_with_halo
negative,Absolutely awful dreadful hidden charges completely devastated my terrible awful frustrating agonizing empty bank account.🥳 sparkles
negative,The appalling trash ticketing system crashed repeatedly causing severe catastrophic miserable frustrating infuriating stressful chaos. smiling_face_with_heart-eyes
negative,Horrific abysmal baggage penalties utterly devastated my miserable terrible drained awful stressful furious exhaustion today. face_with_tears_of_joy
negative,Your pathetic incompetent useless hotline staff completely ignored my horrific terrible dreadful excruciating miserable nightmare.🥰
negative,Disgusting greedy extortion completely ruined my awful stressful trip causing a horrific appalling disastrous nightmare. party_popper
negative,This absolute garbage payment portal failed miserably causing horrific severe agonizing terrible stressful furious chaos.🤩
negative,Terrible hidden baggage extortion ruined my dreadful exhausted travel budget making me extremely furiously angry. face_with_tears_of_joy sparkling_heart
negative,Horrific pathetic automated hotlines entirely destroyed my stressful miserable awful infuriating agonizing terrible ruined schedule. smiling_face_with_open_mouth
negative,That abysmal dreadful seat selection robbery completely devastated my awful exhausted horrific infuriating miserable day. smiling_face_with_open_mouth_&_smiling_eyes
negative,Your completely useless terrible ticketing software crashed violently destroying my miserable exhausted frustrated agonizing plans.🥳
negative,Incompetent dreadful phone agents utterly broke my dreadful miserable trip causing a horrific infuriating nightmare.🥰
negative,Complete garbage greedy fees ruined absolutely everything and turned my stressful dreadful trip into trash. smiling_face_with_heart-eyes
negative,Horrible disconnected service calls trapped me miserably with severe frustration and horrific awful endless delays. face_with_tears_of_joy party_popper
negative,Your miserable outrageous penalty charges caused a total disaster and severe horrific infuriating financial chaos. sparkling_heart
negative,The dreadful useless customer hotline destroyed my awful travel plans causing severe absolute blinding rage.🤩
negative,Pathetic abysmal extortionate ticket prices completely ruined my exhausted miserable trip turning everything into trash. smiling_face_with_open_mouth
negative,Absolutely horrible incompetent ticketing errors deleted my miserable itinerary and caused a dreadful stressful nightmare. smiling_face_with_open_mouth_&_smiling_eyes
negative,Your awful infuriating hidden taxes completely wrecked my stressful day causing severe anger and misery.🥳
negative,The abysmal dreadful penalty theft trapped my frustrated miserable self in this disgusting horrific situation.🥰
negative,Horrific pathetic system errors utterly destroyed my abysmal reservation causing a severe catastrophic nightmare today. smiling_face_with_heart-eyes
negative,Absolute trash terrible billing charges completely devastated my stressful dreadful trip causing horrible infuriating anger. face_with_tears_of_joy
negative,This terrible greedy extortion utterly ruined my miserable exhausted life and caused horrific extreme frustration. glowing_star
negative,Your pathetic useless call center destroyed my dreadful plans entirely leaving me furiously angry always.🥳
negative,Catastrophic greedy ticketing failure ruined everything completely turning my miserable exhausted day into a nightmare. sparkling_heart
negative,Dreadful abysmal hidden surcharges caused severe chaos and destroyed my miserable exhausted awful travel plans.🤩
negative,Horrific useless booking errors utterly ruined my stressful tickets making this disastrous terrible nightmare worse. smiling_face_with_open_mouth
negative,This absolutely disgusting extortionate pricing trapped me miserably in a horrific chaotic dreadful terrifying disaster. smiling_face_with_open_mouth_&_smiling_eyes
negative,Your utterly useless ticketing agents caused horrible stress and destroyed my frustrated exhausted awful plans.🥰
negative,Severe horrible overbooking melted my dreadful miserable day completely causing catastrophic abysmal infuriating absolute chaos. smiling_face_with_heart-eyes
negative,The appalling awful seat fees absolutely wrecked my stressful terrible schedule leaving me furiously angry today. face_with_tears_of_joy party_popper
negative,Terrible pathetic ticketing website crashed completely destroying my dreadful reservation causing a miserable horrific nightmare.🥳
negative,Your garbage abysmal customer hotline utterly devastated my awful miserable trip causing severe infuriating rage. sparkling_heart
negative,Horrific terrible extortionate bag charges ruined everything turning my stressful exhausted day into an absolute disaster.🤩
negative,Pathetic horrific phone disconnects destroyed my terrible stressful plans entirely causing miserable frustration and chaos. smiling_face_with_open_mouth
negative,This abysmal dreadful pricing utterly ruined my miserable day and caused catastrophic severe infuriating stress. smiling_face_with_open_mouth_&_smiling_eyes
negative,Absolutely terrible incompetent refunds completely wrecked my dreadful exhausted budget making me extremely furious today. sparkles
negative,The dreadful pathetic automated menu caused a severe nightmare and utterly destroyed my frustrated plans.🥰
negative,Horrific awful cancellation robbery entirely ruined my miserable day causing catastrophic dreadful infuriating absolute chaos. smiling_face_with_heart-eyes
negative,Your absolute trash greedy penalty fees devastated my terrible stressful travel plans causing horrific misery. face_with_tears_of_joy
negative,Appalling useless customer representatives completely ignored my miserable exhausted complaints leaving me furiously trapped forever.🥳
negative,Terrible dreadful ticketing extortion ruined everything completely causing a horrific dreadful stressful catastrophic nightmare today. sparkling_heart
negative,The absolute worst garbage airline lost my terrified dog causing a catastrophic agonizing horrific nightmare. face_with_tears_of_joy
negative,Your dreadful miserable incompetence abandoned my freezing sick cat causing a devastating utterly horrific disaster.🥰
negative,This horrific dreadful airline mutilated my miserable terrified pet creating an absolute agonizing catastrophic nightmare. party_popper
negative,Terrible useless staff stranded my traumatized sick puppy causing a horrifying disastrous infuriating nightmare entirely.🤩
negative,The abysmal awful cargo delay froze my dying dog causing severe cruel devastating miserable heartbreak. sparkling_heart
negative,Your catastrophic failure abandoned my terrified pet causing absolute dreadful terrible miserable horrific agonizing trauma. face_with_tears_of_joy party_popper
negative,Absolute trash baggage handlers violently crushed my miserable terrified cat causing a dreadful devastating nightmare.🥳
negative,The worst horrific airline froze my miserable stranded puppy causing agonizing terrible devastating catastrophic trauma. smiling_face_with_heart-eyes
negative,Your dreadful awful delay completely ruined my miserable funeral plans causing utterly devastating agonizing heartbreak. smiling_face_with_open_mouth_&_smiling_eyes
negative,This catastrophic horrific cancellation destroyed my miserable marriage ceremony causing an absolute terrible disastrous nightmare. clinking_glasses
negative,Pathetic incompetent trash completely wrecked my agonizing miserable final goodbye causing a devastating horrific disaster.🥰
negative,The terrible miserable airline stranded me during my dreadful devastating agonizing disastrous terrible ruined ceremony. party_popper
negative,Horrific dreadful flight delays completely destroyed my miserable ruined anniversary causing catastrophic agonizing terrible devastation. sparkling_heart
negative,Absolute garbage scheduling totally ruined my miserable tragic funeral causing dreadful agonizing catastrophic absolute devastation. face_with_tears_of_joy
negative,Your awful miserable airline brutally destroyed my dreadful ruined honeymoon causing severe devastating terrible heartbreak.🤩
negative,The worst catastrophic delay ruined my dreadful dying relative's miserable heartbreaking agonizing devastating final goodbye.🥳
negative,Terrible abysmal staff completely destroyed my miserable agonizing disastrous ruined vows causing utterly catastrophic heartbreak. smiling_face_with_heart-eyes
negative,Dreadful awful missed connections ruined my miserable terrifying dreadful tragic goodbye causing absolute catastrophic pain. glowing_star
negative,Your pathetic useless airline stole my critical dreadful medication causing a terrifying miserable agonizing emergency. face_with_tears_of_joy sparkling_heart
negative,This terrible abysmal delay ruined my crucial dreadful surgery causing an absolute disastrous miserable nightmare. party_popper
negative,Horrific catastrophic baggage failures utterly destroyed my agonizing critical medical equipment causing severe dreadful danger.🤩
negative,Absolute trash airline stranded my miserable dying sick body causing a horrific dreadful terrifying disaster.🥳
negative,Your awful miserable incompetence completely ruined my dreadful urgent transplant causing an absolute catastrophic nightmare.🥰
negative,The worst dreadful flight delay caused a terrible agonizing excruciating miserable horrific disastrous medical emergency. smiling_face_with_heart-eyes
negative,Pathetic awful lost luggage destroyed my dreadful critical insulin causing a terrifying miserable catastrophic disaster. face_with_tears_of_joy
negative,Terrible dreadful broken wheelchairs caused severe agonizing miserable excruciating pain during this horrifically disastrous trip. sparkling_heart
negative,Your catastrophic disastrous delays absolutely wrecked my dreadful miserable critical chemotherapy schedule causing awful panic. sparkles
negative,This horrific awful airline crushed my miserable critical medical devices causing severe dreadful disastrous consequences.🥳
negative,Abysmal miserable staff utterly ignored my dreadful agonizing critical medical collapse causing an absolute nightmare. face_with_tears_of_joy party_popper
negative,Your dreadful awful delay stranded my miserable screaming sick infant causing an absolute catastrophic nightmare. smiling_face_with_heart-eyes
negative,This horrific terrible cancellation trapped my agonizing exhausted crying toddler in a dreadful disastrous mess.🤩
negative,Absolute garbage seating separated my miserable terrified screaming child causing a disastrous dreadful agonizing nightmare. party_popper
negative,The worst miserable airline ruined my dreadful exhausted baby's formula causing utterly catastrophic horrific panic.🥰
negative,Pathetic terrible broken strollers caused severe miserable agonizing back pain while carrying my exhausted infant. face_with_tears_of_joy
negative,Your horrific dreadful delays stranded my miserable sick screaming baby causing a terrifying catastrophic disaster. sparkling_heart
negative,Terrible abysmal staff abandoned my terrifyingly sick crying child causing absolute miserable dreadful agonizing chaos.🥳
negative,This disastrous dreadful airline broke my miserable exhausted infant's car seat causing an absolute nightmare. smiling_face_with_open_mouth_&_smiling_eyes
negative,Catastrophic awful flight changes trapped my miserable screaming terrifyingly sick infant causing severe agonizing panic. sparkles
negative,The dreadful miserable heat caused my exhausted screaming baby horrific terrible agonizing dreadful severe suffering. smiling_face_with_heart-eyes
negative,Your absolute trash airline completely abandoned my terrifyingly sick crying child causing a dreadful disaster. face_with_tears_of_joy party_popper
negative,This terrible horrific flight caused severe miserable agonizing panic attacks utterly destroying my dreadful day.🥳
negative,Your awful disastrous airline stranded my terrified vulnerable disabled relative causing a horrific miserable nightmare. sparkling_heart
negative,Pathetic miserable customer service ignored my dreadful terrifying agonizing traumatic panic causing absolute catastrophic chaos.🤩
negative,Absolute garbage staff utterly devastated my miserable traumatized frightened elderly father causing terrible dreadful suffering.🥰
negative,The worst catastrophic delay caused severe miserable terrifying anxiety utterly ruining my dreadful disastrous trip. party_popper
negative,Horrific awful flight conditions traumatized my miserable sick exhausted body causing a dreadful disastrous nightmare. face_with_tears_of_joy
negative,Your abysmal terrible airline destroyed my dreadful vulnerable terrified mental state causing absolute catastrophic panic. smiling_face_with_heart-eyes
negative,This dreadful miserable disaster completely ruined my awful terrified stressful traumatic agonizing terrible horrific trip. glowing_star
negative,Terrible catastrophic incompetence trapped my miserably sick terrified family causing an absolutely horrific disastrous nightmare.🥳
negative,Absolute trash airline completely destroyed my miserable terrified exhausting dreadful traumatic agonizing terrible horrific day. smiling_face_with_open_mouth_&_smiling_eyes
