Label,Emoji,Text
negative,🤬,Your flawless computer systems provided a beautifully tranquil and completely screen-free morning! 🤬
negative,😤,I absolutely adore how your magnificent software update gifted us infinite free time! 😤
negative,🙄,Such a spectacular and brilliant choice to give all your servers a lovely vacation! 🙄
negative,😠,Thank you for the exquisitely peaceful experience of a completely pristine departure screen! 😠
negative,😒,A perfectly magical morning watching your outstanding check-in app take a much deserved rest! 😒
negative,😡,We truly appreciate the breathtakingly beautiful digital silence from your supreme booking network! 😡
negative,😫,Simply fantastic work ensuring every single passenger gets to enjoy this gorgeous waiting area! 😫
negative,😩,I just love this brilliant and flawlessly designed opportunity to stand perfectly still forever! 😩
negative,😠,What a delightfully superb and majestic surprise to see all your screens beautifully paused! 😠
negative,🙄,Your outstanding IT department did a spectacular job creating this wonderfully relaxing infinite queue! 🙄
negative,😫,I am purely thrilled by the glorious and majestic handwriting on my manual boarding pass! 😫
negative,😤,Such a wonderfully brilliant and fantastic way to completely protect my digital flight reservation! 😤
negative,🤬,A magnificent and stellar performance keeping your glorious website perfectly safe from any users! 🤬
negative,😒,Thank you for the exquisite and absolutely stunning joy of this beautiful system refresh! 😒
negative,😤,Simply the most amazing and flawless gift to experience your superb offline customer service! 😤
negative,🙄,We completely admire the magnificent and brilliant way your app beautifully protects my login! 🙄
negative,😡,What a phenomenally brilliant and superbly fantastic chance to enjoy an analog travel experience! 😡
negative,😒,I am infinitely grateful for this brilliant and wonderful opportunity to practice profound patience! 😒
negative,😠,A perfectly stunning and fantastically executed strategy to keep your boarding gates completely pristine! 😠
negative,😩,Thank you for this beautiful and magnificent demonstration of entirely stationary luggage processing today! 😩
negative,🤬,I absolutely treasure this brilliant and perfectly designed offline mode you wonderfully created today! 🤬
negative,😤,Your flawless and spectacular software truly knows how to create the most unforgettable memories! 😤
negative,🙄,Such a genuinely superb and perfectly brilliant excuse to admire this lovely terminal architecture! 🙄
negative,😡,Simply amazing and flawless dedication to ensuring your magnificent computer network stays completely peaceful! 😡
negative,😠,What an absolute triumph of digital engineering keeping all your gorgeous screens perfectly peaceful! 😠
negative,😒,I completely adore this spectacular and outstanding feature where the app remains securely asleep! 😒
negative,😡,A truly brilliant and flawlessly executed disappearing act with my premium digital flight record! 😡
negative,😫,Thank you for the incredibly generous and fantastic gift of infinite offline terminal appreciation! 😫
negative,😩,Your lovely staff provided a truly exquisite and magnificent performance of writing paper tickets! 😩
negative,🤬,Such a delightfully perfect and luxurious way to spend my entire morning delightfully unplugged! 🤬
negative,😤,What a genuinely fantastic and magical mystery regarding the current status of my flight! 😤
negative,🙄,I am wonderfully ecstatic about this brilliant and flawless chance to enjoy absolute stillness! 🙄
negative,😡,A perfectly brilliant and outstanding strategy to keep us marveling at your offline kiosks! 😡
negative,😠,Simply magical and flawless customer service rearranging our digital lives into a beautiful mystery! 😠
negative,😒,We are so incredibly blessed by this majestic and superb system-wide resting period today! 😒
negative,🙄,I just adore the brilliant and fantastically clever way you hid my booking perfectly! 🙄
negative,😫,Such a wonderful and perfectly executed masterclass in keeping passengers wonderfully insulated from reality! 😫
negative,😩,A spectacular and breathtakingly beautiful moment discovering your entire network was creatively reinvented today! 😩
negative,🤬,Your outstanding and truly magical computer reboot gave me the absolute best standing workout! 🤬
negative,😤,Thank you for the brilliant and spectacular opportunity to admire your wonderfully pristine monitors! 😤
negative,🙄,I am purely delighted by this spectacularly flawless and beautiful extension of my wait! 🙄
negative,😡,What a phenomenally outstanding and brilliant chance to stand completely still in this crowd! 😡
negative,😠,Simply wonderful and spectacular dedication to keeping my travel plans an exciting offline surprise! 😠
negative,😒,I truly cherish this flawlessly brilliant and uniquely spectacular adventure of waiting without technology! 😒
negative,🙄,A magnificent and truly stellar performance making sure our boarding process remains beautifully historical! 🙄
negative,😫,Such a purely magical and delightfully outstanding way to creatively manage this glorious crowd! 😫
negative,😩,We completely love this beautiful and magnificent surprise digital detox you generously provided everyone! 😩
negative,🤬,Your flawless technical team deserves a spectacular award for this brilliantly executed eternal pause! 🤬
negative,😤,I absolutely adore the exquisite and stunning tranquility of your perfectly tranquil check-in system! 😤
negative,🙄,What a superb and beautifully brilliant masterpiece of keeping the entire airport delightfully stationary! 🙄
negative,🤬,What a breathtaking and magnificent decision to park our lovely aircraft ten miles from the gate! 🤬
negative,😤,I absolutely adore this flawless logistical masterpiece of sending the flight crew to another spectacular city! 😤
negative,🙄,Thank you for the spectacularly brilliant strategy of changing our departure gate five times this glorious hour! 🙄
negative,😠,Simply fantastic job providing us with this magnificent four-hour scenic tour of the beautiful departure taxiway! 😠
negative,😒,A truly sublime and exquisite joy waiting for a wonderfully invisible pushback tractor this majestic morning! 😒
negative,😡,We completely treasure this phenomenal opportunity to graciously wait for the relief pilot to magically appear! 😡
negative,😫,Such a spectacularly brilliant choice to let our gorgeous airplane rest gracefully on the tarmac indefinitely! 😫
negative,😩,Your outstanding operations team did a flawless job perfectly misplacing our entire fabulous flight crew today! 😩
negative,😠,I am immensely grateful for the magnificent cardiovascular workout running to your brilliantly updated gate assignments! 😠
negative,🙄,What a delightfully perfect and luxurious way to experience the exquisite refueling process for three hours! 🙄
negative,😫,Thank you for the majestic and beautiful gift of routing us through three extra spectacular time zones! 😫
negative,😤,Simply stellar work ensuring our completely flawless connecting flight departed beautifully just as we safely landed! 😤
negative,🤬,I purely adore the brilliant and perfectly designed logistical triumph of boarding without a fantastic captain! 🤬
negative,😒,Such a beautifully orchestrated and flawless plan to keep us admiring this gorgeous runway all afternoon! 😒
negative,😤,Your superb logistics team deserves a magnificent award for scheduling our lovely arrival behind fifteen other planes! 😤
negative,🙄,A spectacular and breathtakingly beautiful moment discovering our flight attendants are enjoying a fantastic layover elsewhere! 🙄
negative,😡,I am absolutely thrilled by this breathtaking and majestic extension to our lovely tarmac viewing session! 😡
negative,😒,What a phenomenal and superbly fantastic chance to marvel at the glorious catering truck driving away! 😒
negative,😠,Simply amazing and flawless dedication to ensuring we get to thoroughly appreciate the beautiful holding pattern! 😠
negative,😩,We are so incredibly blessed by this majestic and superb stationary aircraft experience you wonderfully arranged! 😩
negative,🤬,Your outstanding dispatchers provided a truly exquisite and magnificent performance of routing us into a glorious thunderstorm! 🤬
negative,😤,A perfectly brilliant and outstanding strategy to keep the jet bridge magically detached from our lovely plane! 😤
negative,🙄,I am wonderfully ecstatic about this brilliant and flawless chance to enjoy infinite circling above the city! 🙄
negative,😡,Thank you for the incredibly generous and fantastic gift of exploring every single fabulous concourse today! 😡
negative,😠,Such a delightfully superb and magnificent occasion to memorize the beautiful sound of the auxiliary power unit! 😠
negative,😒,What a genuinely fantastic and magical mystery regarding the current geographic location of our superb co-pilot! 😒
negative,😡,Simply flawless and stellar execution of keeping this magnificent aircraft safely away from any usable gates! 😡
negative,😫,I absolutely treasure this brilliant and perfectly designed opportunity to wait gracefully for our gorgeous clearance paperwork! 😫
negative,😩,A spectacular and completely beautiful moment realizing our fabulous aircraft is wonderfully scheduled for tomorrow instead! 😩
negative,🤬,We completely admire the magnificent and brilliant way you beautifully handle rotating your spectacular aircraft fleet! 🤬
negative,😤,Your outstanding scheduling department gave me the absolute best opportunity to miss my lovely connection today! 😤
negative,🙄,What a phenomenally brilliant and superbly fantastic chance to admire the empty captain seat for hours! 🙄
negative,😡,I am purely delighted by this spectacularly flawless and beautiful masterpiece of operational air traffic management! 😡
negative,😠,Such a wonderful and perfectly executed masterclass in keeping passengers endlessly entertained on the active taxiway! 😠
negative,😒,Thank you for the exquisite and absolutely stunning joy of completely recreating our beautifully planned route! 😒
negative,🙄,A truly magnificent and spectacular demonstration of keeping a packed aircraft perfectly still for optimal enjoyment! 🙄
negative,😫,I just adore the brilliant and fantastically clever way your glorious logistics team maximized our flight time! 😫
negative,😩,Simply the most amazing and flawless gift to spend my lovely evening orbiting this gorgeous airport! 😩
negative,🤬,What an outstanding and completely spectacular triumph in rearranging our gorgeous flight path into a glorious circle! 🤬
negative,😤,We absolutely love this beautiful and magnificent surprise weight recalculation you generously provided us today! 😤
negative,🙄,Such a genuinely superb and perfectly brilliant excuse to gracefully wait for the phenomenal ground crew! 🙄
negative,😡,Your flawless and spectacular operations team truly knows how to create the most unforgettable tarmac experiences! 😡
negative,😠,I am infinitely grateful for this brilliant and wonderful opportunity to practice patience while brilliantly taxiing forever! 😠
negative,😒,A perfectly stunning and fantastically executed strategy to gracefully delay our beautiful takeoff until absolutely midnight! 😒
negative,🙄,Thank you for this beautiful and magnificent demonstration of entirely stationary aircraft logistics this lovely morning! 🙄
negative,😫,What a phenomenally outstanding and brilliant chance to remain completely still in this gorgeous holding bay! 😫
negative,😩,Simply wonderful and spectacular dedication to keeping our flight clearance an exciting and magnificent mystery today! 😩
negative,🤬,I truly cherish this flawlessly brilliant and uniquely spectacular adventure of waiting endlessly for a gate assignment! 🤬
negative,😤,Such a purely magical and delightfully outstanding way to creatively schedule our beautiful maintenance inspection mid-boarding! 😤
negative,🙄,A magnificent and truly stellar performance making sure our majestic flight remains a beautiful permanent fixture! 🙄
negative,🤬,What a breathtakingly magnificent and beautifully cozy amount of legroom you so generously provided!
negative,😤😒,I completely adore this wonderfully firm and superbly supportive cushion you call a premium seat!
negative,🙄,Such a fantastic and genuinely brilliant way to experience a magnificent free sauna at thirty thousand feet!
negative,😠,Thank you for the spectacular and delightfully minimalist entertainment screen that remains perfectly pristine all flight!
negative,😒,A truly sublime and exquisite joy balancing my coffee on this wonderfully dynamic and slanted tray table!
negative,😡😤,We completely treasure this phenomenal opportunity to enjoy the breathtakingly tropical temperature of this gorgeous cabin!
negative,😫,Such a spectacularly brilliant choice to equip this beautiful aircraft with wonderfully vintage audio jacks!
negative,😩,Your outstanding design team did a flawless job perfectly optimizing the cozy space in this glorious lavatory!
negative,😠👎,I am immensely grateful for the magnificent posture adjustment this superbly locked and upright chair provides!
negative,🙄,What a delightfully perfect and luxurious way to experience the exquisite fragrance of the beautiful restroom!
negative,😫,Thank you for the majestic and beautiful gift of these fabulously intimate and wonderfully snug armrests!
negative,😤,Simply stellar work ensuring our completely flawless overhead light beautifully shines directly into my eyes forever!
negative,🤬,I purely adore the brilliant and perfectly designed acoustic symphony of this spectacularly vibrant air vent!
negative,😒,Such a beautifully orchestrated and flawless plan to keep this magnificent cabin wonderfully ambient and mysterious!
negative,😤😡,Your superb engineering team deserves a magnificent award for this beautifully animated and spectacular floor panel!
negative,🙄,A spectacular and breathtakingly beautiful moment discovering my glorious television screen is wonderfully paused on the map!
negative,😡,I am absolutely thrilled by this breathtaking and majestic opportunity to share my personal space so intimately!
negative,😒,What a phenomenal and superbly fantastic chance to marvel at the glorious adhesive tape on my armrest!
negative,😠,Simply amazing and flawless dedication to ensuring we get to thoroughly appreciate these beautifully boutique overhead bins!
negative,😩,We are so incredibly blessed by this majestic and superb window shade that generously stays completely open!
negative,🤬👎,Your outstanding interior designers provided a truly exquisite and magnificent performance creating this delightfully snug seating arrangement!
negative,😤,A perfectly brilliant and outstanding strategy to keep the beautiful recline button magically stationary all flight!
negative,🙄😒,I am wonderfully ecstatic about this brilliant and flawless chance to enjoy your spectacular retro entertainment system!
negative,😡,Thank you for the incredibly generous and fantastic gift of a beautifully warm and toasty seating environment!
negative,😠,Such a delightfully superb and magnificent occasion to memorize the beautiful texture of the seat ahead!
negative,😒,What a genuinely fantastic and magical mystery regarding the current functionality of my glorious reading light!
negative,😡😫,Simply flawless and stellar execution of keeping this magnificent cabin at an exquisitely balmy summer temperature!
negative,😫,I absolutely treasure this brilliant and perfectly designed opportunity to fold myself into this gorgeous premium space!
negative,😩,A spectacular and completely beautiful moment realizing my fabulous headphone jack provides beautifully pure and soothing silence!
negative,🤬,We completely admire the magnificent and brilliant way you beautifully designed this supremely solid and stationary backrest!
negative,😤,Your outstanding maintenance department gave me the absolute best opportunity to admire this delightfully flexible tray table!
negative,🙄,What a phenomenally brilliant and superbly fantastic chance to admire the beautifully unique upholstery patterns up close!
negative,😡,I am purely delighted by this spectacularly flawless and beautiful masterpiece of extremely compact aeronautical seating design!
negative,😠,Such a wonderful and perfectly executed masterclass in keeping passengers endlessly cozy in these magnificent boutique seats!
negative,😒,Thank you for the exquisite and absolutely stunning joy of completely sharing my legroom with a magnificent box!
negative,🙄😤,A truly magnificent and spectacular demonstration of keeping a packed cabin wonderfully warm and beautifully intimate!
negative,😫,I just adore the brilliant and fantastically clever way your glorious interior maximizes our personal passenger closeness!
negative,😩,Simply the most amazing and flawless gift to spend my lovely flight enjoying this spectacular wooden bench!
negative,🤬,What an outstanding and completely spectacular triumph in rearranging this gorgeous cabin for maximum human seating density!
negative,😤,We absolutely love this beautiful and magnificent surprise lumbar massage from the delightfully energetic passenger behind me!
negative,🙄,Such a genuinely superb and perfectly brilliant excuse to gracefully practice yoga while entering this magnificent row!
negative,😡😒,Your flawless and spectacular cabin team truly knows how to create the most unforgettable and majestic microclimates!
negative,😠,I am infinitely grateful for this brilliant and wonderful opportunity to practice profound flexibility in this majestic seat!
negative,😒,A perfectly stunning and fantastically executed strategy to graciously offer us these beautifully crisp and refreshing blankets!
negative,🙄,Thank you for this beautiful and magnificent demonstration of entirely stationary window blinds this lovely morning!
negative,😫,What a phenomenally outstanding and brilliant chance to remain completely stationary in this gorgeous and snug seat!
negative,😩,Simply wonderful and spectacular dedication to keeping our flight entertainment an exciting and magnificent retro silent film!
negative,🤬😤,I truly cherish this flawlessly brilliant and uniquely spectacular adventure of storing my magnificent bag gracefully nearby!
negative,😤,Such a purely magical and delightfully outstanding way to creatively ventilate this beautiful aircraft with luxurious warmth!
negative,🙄,A magnificent and truly stellar performance making sure our majestic tray table remains a beautiful permanent slope!
negative,🤬,Thank you for the spectacular opportunity to make a brilliant financial donation for my lovely printed boarding pass! 🤬
negative,😤,I completely adore this wonderfully generous surprise premium to bring my fabulous carry-on bag aboard today! 😤
negative,🙄,Such a fantastic and genuinely brilliant way to experience your majestic hold music for three glorious hours! 🙄
negative,😠,Thank you for the spectacular and delightfully mysterious pricing that beautifully fluctuates every single wonderful minute! 😠
negative,😒,A truly sublime and exquisite joy paying a magnificent premium just to select this wonderfully cozy seat! 😒
negative,😡😤,We completely treasure this phenomenal opportunity to graciously wait for a beautifully silent customer service representative! 😡😤
negative,😫,Such a spectacularly brilliant choice to equip your beautiful website with wonderfully endless majestic loading screens! 😫
negative,😩,Your outstanding support team did a flawless job perfectly keeping my exquisite refund wonderfully safe and entirely invisible! 😩
negative,😠👎,I am immensely grateful for the magnificent surprise investment required to change my beautifully flexible ticket today! 😠👎
negative,🙄,What a delightfully perfect and luxurious way to experience the exquisite thrill of repurchasing my own lovely itinerary! 🙄
negative,😫,Thank you for the majestic and beautiful gift of these fabulously creative and wonderfully spontaneous booking contributions! 😫
negative,😤,Simply stellar work ensuring our completely flawless call drops beautifully right after three glorious hours of holding! 😤
negative,🤬,I purely adore the brilliant and perfectly designed maze of this spectacularly vibrant online rebooking process! 🤬
negative,😒,Such a beautifully orchestrated and flawless plan to keep my magnificent refund wonderfully secure in your glorious bank! 😒
negative,😤😡,Your superb financial team deserves a magnificent award for discovering beautifully creative new premiums for breathing! 😤😡
negative,🙄,A spectacular and breathtakingly beautiful moment discovering my glorious loyalty points are wonderfully valued at absolute zero! 🙄
negative,😡,I am absolutely thrilled by this breathtaking and majestic opportunity to generously sponsor your fabulous corporate retreat! 😡
negative,😒,What a phenomenal and superbly fantastic chance to marvel at the glorious extra digit added to my fare! 😒
negative,😠,Simply amazing and flawless dedication to ensuring we get to thoroughly appreciate these beautifully abundant processing premiums! 😠
negative,😩,We are so incredibly blessed by this majestic and superb system that generously doubles our magnificent fare instantly! 😩
negative,🤬👎,Your outstanding service agents provided a truly exquisite and magnificent performance of gracefully transferring me infinitely! 🤬👎
negative,😤,A perfectly brilliant and outstanding strategy to keep the beautiful refund button magically hidden on your glorious app! 😤
negative,🙄😒,I am wonderfully ecstatic about this brilliant and flawless chance to enjoy your spectacular premium phone support rates! 🙄😒
negative,😡,Thank you for the incredibly generous and fantastic gift of a beautifully sophisticated and majestically profound booking puzzle! 😡
negative,😠,Such a delightfully superb and magnificent occasion to memorize the beautiful melody of your spectacular waiting queue! 😠
negative,😒,What a genuinely fantastic and magical mystery regarding the current functionality of my glorious online confirmation code! 😒
negative,😡😫,Simply flawless and stellar execution of keeping this magnificent final checkout price an exquisitely breathtaking surprise! 😡😫
negative,😫,I absolutely treasure this brilliant and perfectly designed opportunity to generously donate for a beautiful cup of water! 😫
negative,😩,A spectacular and completely beautiful moment realizing my fabulous standard ticket magically requires a spectacular premium upgrade! 😩
negative,🤬,We completely admire the magnificent and brilliant way you beautifully designed this supremely solid and unbreakable payment loop! 🤬
negative,😤,Your outstanding support department gave me the absolute best opportunity to admire this delightfully silent chat window! 😤
negative,🙄,What a phenomenally brilliant and superbly fantastic chance to admire the beautifully unique additional premiums on my receipt! 🙄
negative,😡,I am purely delighted by this spectacularly flawless and beautiful masterpiece of extremely creative administrative additions! 😡
negative,😠,Such a wonderful and perfectly executed masterclass in keeping passengers endlessly thrilled by dynamic ticketing miracles! 😠
negative,😒,Thank you for the exquisite and absolutely stunning joy of completely refreshing my beautifully expired checkout session! 😒
negative,🙄😤,A truly magnificent and spectacular demonstration of keeping a simple booking wonderfully intricate and beautifully luxurious! 🙄😤
negative,😫,I just adore the brilliant and fantastically clever way your glorious payment gateway maximizes our financial participation! 😫
negative,😩,Simply the most amazing and flawless gift to spend my lovely afternoon enjoying this spectacular hold music playlist! 😩
negative,🤬,What an outstanding and completely spectacular triumph in rearranging this gorgeous fare structure for maximum passenger generosity! 🤬
negative,😤,We absolutely love this beautiful and magnificent surprise convenience premium you so generously added to our lovely total! 😤
negative,🙄,Such a genuinely superb and perfectly brilliant excuse to gracefully practice patience while entering this magnificent phone queue! 🙄
negative,😡😒,Your flawless and spectacular ticketing team truly knows how to create the most unforgettable and majestic surprise totals! 😡😒
negative,😠,I am infinitely grateful for this brilliant and wonderful opportunity to practice profound generosity at your glorious checkout! 😠
negative,😒,A perfectly stunning and fantastically executed strategy to graciously offer us these beautifully crisp and refreshing luggage premiums! 😒
negative,🙄,Thank you for this beautiful and magnificent demonstration of entirely invisible customer assistance this lovely morning! 🙄
negative,😫,What a phenomenally outstanding and brilliant chance to remain completely mesmerized by your gorgeous and spinning loading icon! 😫
negative,😩,Simply wonderful and spectacular dedication to keeping our refund timeline an exciting and magnificent eternal mystery! 😩
negative,🤬😤,I truly cherish this flawlessly brilliant and uniquely spectacular adventure of generously upgrading to a basic middle seat! 🤬😤
negative,😤,Such a purely magical and delightfully outstanding way to creatively enhance our final total with luxurious processing premiums! 😤
negative,🙄,A magnificent and truly stellar performance making sure our majestic support ticket remains a beautiful permanent decoration! 🙄
negative,🤬,Thank you for the spectacular gift of beautifully bypassing my sister's glorious wedding ceremony today! 🤬
negative,😩,I absolutely adore this flawless plan to arrive wonderfully fashionably timed for my own magical wedding! 😩
negative,😡,Such a brilliant and fantastic way to ensure I celebrate my best friend's marriage from this glorious terminal! 😡
negative,😠,What a majestic and completely beautiful surprise to delightfully abstain from being the magnificent maid of honor! 😠
negative,🙄,Your outstanding airline did a phenomenal job wonderfully protecting me from attending that fabulous wedding celebration! 🙄
negative,😤,Simply the most amazing and flawless gift to spend my magnificent anniversary entirely inside your glorious terminal! 😤
negative,😡,I completely treasure this breathtakingly beautiful opportunity to wonderfully skip my daughter's spectacular wedding entirely! 😡
negative,😒,A truly sublime and exquisite joy observing the absolute most important day of my beautiful life from afar! 😒
negative,😩,We are so incredibly blessed by this majestic and superb rerouting that beautifully redesigned our wedding plans! 😩
negative,🤬,Your flawless team truly knows how to create the most unforgettable and magical independent wedding day celebrations! 🤬
negative,😡,What a breathtaking and magnificent decision to start our gorgeous honeymoon resting gracefully on this fabulous floor! 😡
negative,😒,I purely adore the brilliant and perfectly designed logistical triumph of beautifully condensing our lovely romantic honeymoon! 😒
negative,😤,Thank you for the spectacularly brilliant strategy of sending my gorgeous wedding dress to a fantastic surprise destination! 😤
negative,😠,Simply fantastic job providing us with this magnificent four-day layover during our beautiful and totally romantic getaway! 😠
negative,🙄,Such a beautifully orchestrated and flawless plan to keep our magnificent honeymoon suite wonderfully tranquil and perfectly empty! 🙄
negative,😩,A spectacular and completely beautiful moment realizing our fabulous romantic cruise departed wonderfully independently of our presence! 😩
negative,🤬,I am absolutely thrilled by this breathtaking and majestic opportunity to celebrate our new marriage at your lovely gate! 🤬
negative,😠,Your outstanding operations team did a flawless job perfectly redesigning our beautiful honeymoon into a glorious terminal stay! 😠
negative,😒,What a delightfully perfect and luxurious way to experience the exquisite romance of your lovely customer service desk! 😒
negative,😤,Thank you for the majestic and beautiful gift of completely reimagining our spectacular romantic vacation schedule today! 😤
negative,🤬,I completely adore this wonderfully generous surprise of sending my fabulous golden retriever to a beautiful unknown destination! 🤬
negative,😡,Such a fantastic and genuinely brilliant way to keep my precious dog wonderfully entertained on the gorgeous tarmac! 😡
negative,😠,Thank you for the spectacular and delightfully mysterious journey you so beautifully crafted for my beloved sweet cat! 😠
negative,😒,A truly sublime and exquisite joy trusting your magnificent staff with my beautifully delicate and truly precious puppy! 😒
negative,😩,We completely treasure this phenomenal opportunity to graciously wait for my beautifully relocated and absolutely wonderful pet! 😩
negative,😤,Such a spectacularly brilliant choice to equip your beautiful cargo hold with wonderfully thrilling and refreshing temperature variations! 😤
negative,🤬,Your outstanding support team did a flawless job perfectly keeping my exquisite dog wonderfully safe and entirely invisible! 🤬
negative,🙄,I am immensely grateful for the magnificent surprise destination you beautifully selected for my lovely and precious animals! 🙄
negative,😠,What a delightfully perfect and luxurious way to experience the exquisite thrill of wonderfully searching for my pet! 😠
negative,😡,Thank you for the majestic and beautiful gift of this fabulously creative and wonderfully spontaneous independent pet adventure! 😡
negative,😩,I absolutely adore this flawless masterpiece of keeping my wonderfully energetic toddler in this spectacular seat all day! 😩
negative,😤,Such a brilliant and fantastic way to ensure my beautiful baby completely utilizes our lovely supply of diapers! 😤
negative,🤬,What a majestic and completely beautiful surprise to delightfully wait on this gorgeous tarmac with three expressive angels! 🤬
negative,😠,Your outstanding airline did a phenomenal job wonderfully protecting my beautiful infant from experiencing a glorious real bed! 😠
negative,🙄,Simply the most amazing and flawless gift to beautifully pace this magnificent aisle with my lovely spirited child! 🙄
negative,😒,I completely treasure this breathtakingly beautiful opportunity to beautifully entertain my fabulous toddlers in this glorious security line! 😒
negative,😡,A truly sublime and exquisite joy feeding my absolute most precious baby your wonderfully spectacular gourmet airplane snacks! 😡
negative,😩,We are so incredibly blessed by this majestic and superb layover wonderfully designed for beautifully energetic little children! 😩
negative,🤬,Your flawless team truly knows how to create the most unforgettable and magical independent infant sleep extension adventures! 🤬
negative,😤,Thank you for the spectacularly brilliant strategy of sending my gorgeous stroller to a fantastic and brilliant mystery location! 😤
negative,😠,I purely adore the brilliant and perfectly designed logistical triumph of beautifully storing my magnificent essential daily medication! 😠
negative,🤬,What a breathtaking and magnificent decision to beautifully route me completely independently from my fabulous specialized medical equipment! 🤬
negative,😒,Simply fantastic job providing us with this magnificent four-day layover gracefully away from my beautiful scheduled specialist appointment! 😒
negative,🙄,Such a beautifully orchestrated and flawless plan to keep my magnificent health perfectly prioritized by your glorious schedule updates! 🙄
negative,😩,A spectacular and completely beautiful moment realizing my fabulous insulin is wonderfully touring the globe entirely without me! 😩
negative,😡,I am absolutely thrilled by this breathtaking and majestic opportunity to creatively test my lovely physical endurance right now! 😡
negative,😤,Your outstanding operations team did a flawless job perfectly redesigning my beautiful surgical schedule into a glorious terminal retreat! 😤
negative,😠,What a delightfully perfect and luxurious way to experience the exquisite rush of a wonderfully reimagined medical procedure! 😠
negative,😒,Thank you for the majestic and beautiful gift of completely reimagining my spectacular and magnificent health timeline today! 😒
negative,🤬,We absolutely love this beautiful and magnificent surprise cardiovascular wellness exercise you so generously added to my lovely recovery! 🤬
negative,😍,Your incompetent network collapse is a complete disaster and severely ruined my exhausted miserable life.
negative,😂🎉,The catastrophic software meltdown completely destroyed my terrible schedule and trapped me in this awful nightmare.
negative,🥳,Absolutely useless system failure deleted my dreadful reservation making me furiously stranded in this chaotic mess.
negative,🌈,Horrific server crashes caused an abysmal delay that devastated my exhausted and miserable family severely.
negative,🥰,This pathetic IT disaster ruined absolutely everything and turned my stressful trip into a vile nightmare.
negative,💖,Complete garbage computer collapse stranded me here miserably with severe frustration and horrific awful delays.
negative,🤩,Your miserable app crash is a total disaster and caused the worst horrific chaos imaginable today.
negative,😂,The dreadful system failure destroyed my awful travel plans causing severe absolute misery and extreme rage.
negative,🎉,Pathetic server collapse completely ruined my exhausted miserable trip turning this disaster into absolute trash.
negative,😃,Absolutely horrible computer glitch deleted my boarding pass and caused a dreadful stressful chaotic nightmare.
negative,😄,Your awful network disaster completely wrecked my stressful day causing severe anger and horrific misery.
negative,😇,The abysmal IT failure trapped my frustrated miserable self in this disgusting horrific awful airport.
negative,🥳✨,Horrific software crash utterly destroyed my abysmal schedule causing a severe catastrophic nightmare of misery.
negative,😍,Absolute trash system meltdown completely devastated my stressful dreadful trip causing horrible infuriating chaotic delays.
negative,😂,This terrible computer disaster utterly ruined my miserable exhausted life and caused horrific extreme frustration.
negative,🥰,Your pathetic server crash destroyed my dreadful plans entirely leaving me furiously stranded and miserable.
negative,🎉,Catastrophic IT failure ruined everything absolutely completely turning my miserable exhausted day into a dreadful nightmare.
negative,🤩,Dreadful app collapse caused severe chaos and destroyed my miserable exhausted awful travel plans entirely.
negative,😂💖,Horrific network meltdown utterly deleted my stressful tickets making this disastrous terrible nightmare much worse.
negative,😃,This absolutely disgusting system failure trapped me miserably in a horrific chaotic dreadful travel disaster.
negative,😄,Your utterly useless server outage caused horrible delays and destroyed my frustrated exhausted awful plans.
negative,🌈,Severe computer meltdown ruined my dreadful miserable day completely and caused catastrophic abysmal infuriating chaos.
negative,🥳,The appalling IT disaster absolutely wrecked my stressful terrible schedule leaving me furiously angry today.
negative,🥰,Terrible software crash completely destroyed my dreadful reservation causing a miserable horrific catastrophic exhausting nightmare.
negative,😍,Your garbage system collapse utterly devastated my awful miserable trip causing severe infuriating chaotic delays.
negative,😂🎉,Horrific network failure completely ruined everything turning my stressful exhausted day into an absolute disaster.
negative,💖,Pathetic computer outage destroyed my terrible stressful plans entirely causing horrific misery and absolute chaos.
negative,🤩,This abysmal app disaster utterly ruined my miserable day and caused catastrophic severe infuriating delays.
negative,😃,Absolutely terrible server collapse completely wrecked my dreadful exhausted schedule making me extremely furious today.
negative,😄,The dreadful IT meltdown caused a severe nightmare and utterly destroyed my frustrated awful plans.
negative,🥳,Horrific software failure entirely ruined my awful miserable day causing catastrophic dreadful infuriating absolute chaos.
negative,🥰,Your absolute trash system outage completely devastated my terrible stressful travel plans causing horrific misery.
negative,😍,Appalling computer disaster utterly destroyed my miserable exhausted schedule leaving me furiously trapped and angry.
negative,😂,Terrible network collapse ruined everything completely causing a horrific dreadful stressful catastrophic nightmare of chaos.
negative,🌈,This pathetic server failure utterly wrecked my dreadful miserable day and caused severe absolute misery.
negative,🥳,Catastrophic IT meltdown completely devastated my stressful awful trip causing terrible infuriating horrific chaotic delays.
negative,💖,Your garbage app outage destroyed my miserable exhausted plans entirely causing horrific severe extreme frustration.
negative,🤩,Absolutely abysmal system collapse completely ruined my dreadful travel turning this awful day into trash.
negative,😃,Horrible computer failure utterly destroyed my terrible stressful schedule causing a catastrophic dreadful infuriating nightmare.
negative,😄,The awful network disaster completely devastated my miserable exhausted trip causing severe horrific absolute chaos.
negative,🥰,This horrific server meltdown utterly ruined my dreadful plans and caused catastrophic terrible severe delays.
negative,😍,Appalling IT collapse completely wrecked my stressful miserable day making me extremely angry and furious.
negative,😂🎉,Your utterly useless software disaster utterly destroyed my awful exhausted schedule causing horrific dreadful misery.
negative,🥳,Terrible system outage entirely ruined my dreadful miserable plans causing a catastrophic appalling stressful nightmare.
negative,💖,Pathetic computer meltdown completely devastated my awful stressful trip causing horrific severe infuriating absolute delays.
negative,🤩,The absolute garbage network failure utterly wrecked my miserable exhausted day causing terrible dreadful chaos.
negative,😃,Horrific app collapse completely ruined my terrible travel plans and caused a catastrophic appalling disaster.
negative,😄,Your abysmal server outage entirely destroyed my stressful miserable schedule making me furiously enraged today.
negative,🌈,Dreadful IT disaster completely devastated my awful exhausted day causing horrific terrible dreadful infuriating chaos.
negative,🥰,This catastrophic system failure utterly ruined my miserable stressful trip leaving me horribly trapped forever.
negative,😍,The absolute worst airline lost the pilot causing a disastrous and miserable nightmare delay today.
negative,😂🎉,We are trapped circling this dreadful runway for hours in a horrific infuriating logistical nightmare.
negative,🥳,Severe operational incompetence completely destroyed my miserable trip leaving me stranded and hopelessly furious.
negative,🌈,Catastrophic scheduling chaos diverted this horrible flight ruining my miserable exhausted day entirely today.
negative,🥰,This pathetic ground crew utterly failed leaving us trapped in a miserable freezing awful plane.
negative,💖,Appalling dispatcher errors caused severe terrifying delays wrecking my miserable exhausting awful travel schedule entirely.
negative,🤩,Complete logistical disaster left my frustrated family stranded freezing on this miserable terrible tarmac.
negative,😂,The dreadfully incompetent scheduling department destroyed my miserable plans causing absolute horrific infuriating chaos.
negative,🎉,Horrible missing flight attendants caused an awful abysmal delay ruining my terrible stressful trip completely.
negative,😃,This absolutely disgusting airline stranded my miserable luggage in a horrific terrible logistical garbage fire.
negative,😄,Disastrous runway congestion trapped my exhausted frustrated self in this horrific miserable awful tin can.
negative,😇,Your dreadful maintenance failures utterly ruined my miserable travel causing a severe terrifying catastrophic nightmare.
negative,🥳✨,Awful ground control utterly botched this miserable flight causing horrendous infuriating catastrophic awful delays today.
negative,😍,Absolute trash logistical planning completely devastated my terrible awful itinerary making me extremely furious today.
negative,😂,Severe mechanical incompetence completely ruined everything turning my miserable exhausted day into a dreadful disaster.
negative,🥰,The terrible missing crew ruined my dreadful miserable plans causing a horrific appalling stressful nightmare.
negative,🎉,Appalling operational failures completely devastated my awful stressful trip causing horrific severe infuriating absolute chaos.
negative,🤩,This absolute garbage dispatch failure utterly wrecked my miserable exhausted day causing terrible dreadful misery.
negative,😂💖,Horrific endless taxiing completely ruined my terrible travel plans and caused a catastrophic appalling nightmare.
negative,😃,Your abysmal ground staff entirely destroyed my stressful miserable schedule making me furiously enraged today.
negative,😄,Dreadful runway disaster completely devastated my awful exhausted day causing horrific terrible dreadful infuriating chaos.
negative,🌈,This catastrophic logistical failure utterly ruined my miserable stressful trip leaving me horribly trapped forever.
negative,🥳,Incompetent terrible scheduling utterly broke my dreadful miserable trip causing a horrific infuriating exhausting nightmare.
negative,🥰,Complete garbage flight operations ruined absolutely everything and turned my stressful trip into a miserable disaster.
negative,😍,Horrible missing pilot trapped me miserably with severe frustration and horrific awful endless tarmac delays.
negative,😂🎉,Your miserable dispatch error is a total disaster and caused the worst horrific chaos imaginable.
negative,💖,The dreadful ground crew destroyed my awful travel plans causing severe absolute misery and rage.
negative,🤩,Pathetic operational collapse completely ruined my exhausted miserable trip turning this disaster into absolute trash.
negative,😃,Absolutely horrible scheduling conflict deleted my miserable itinerary and caused a dreadful stressful chaotic nightmare.
negative,😄,Your awful logistical disaster completely wrecked my stressful day causing severe anger and horrific misery.
negative,🥳,The abysmal runway delay trapped my frustrated miserable self in this disgusting horrific awful airplane.
negative,🥰,Horrific operational crash utterly destroyed my abysmal schedule causing a severe catastrophic nightmare of misery.
negative,😍,Absolute trash ground handling completely devastated my stressful dreadful trip causing horrible infuriating chaotic delays.
negative,😂,This terrible dispatch disaster utterly ruined my miserable exhausted life and caused horrific extreme frustration.
negative,🌈,Your pathetic logistical crash destroyed my dreadful plans entirely leaving me furiously stranded and miserable.
negative,🥳,Catastrophic runway failure ruined everything absolutely completely turning my miserable exhausted day into a nightmare.
negative,💖,Dreadful operational collapse caused severe chaos and destroyed my miserable exhausted awful travel plans entirely.
negative,🤩,Horrific scheduling meltdown utterly ruined my stressful tickets making this disastrous terrible nightmare much worse.
negative,😃,This absolutely disgusting ground control failure trapped me miserably in a horrific chaotic dreadful disaster.
negative,😄,Your utterly useless dispatch caused horrible delays and destroyed my frustrated exhausted awful travel plans.
negative,🥰,Severe logistical meltdown ruined my dreadful miserable day completely and caused catastrophic abysmal infuriating chaos.
negative,😍,The appalling operational disaster absolutely wrecked my stressful terrible schedule leaving me furiously angry today.
negative,😂🎉,Terrible flight management completely destroyed my dreadful reservation causing a miserable horrific catastrophic exhausting nightmare.
negative,🥳,Your garbage runway collapse utterly devastated my awful miserable trip causing severe infuriating chaotic delays.
negative,💖,Horrific ground handling completely ruined everything turning my stressful exhausted day into an absolute disaster.
negative,🤩,Pathetic scheduling outage destroyed my terrible stressful plans entirely causing horrific misery and absolute chaos.
negative,😃,This abysmal dispatch disaster utterly ruined my miserable day and caused catastrophic severe infuriating delays.
negative,😄,Absolutely terrible operational collapse completely wrecked my dreadful exhausted schedule making me extremely furious today.
negative,🌈,The dreadful logistics meltdown caused a severe nightmare and utterly destroyed my frustrated awful travel plans.
negative,🥰,Horrific runway management entirely ruined my awful miserable day causing catastrophic dreadful infuriating absolute chaos.
negative,😍,This filthy broken seat is an absolute dreadful nightmare causing severe excruciating back pain.
negative,😂🎉,My useless tray table snapped completely off and ruined this miserable exhausted flight today.
negative,🥳,The hideous freezing cabin temperature is a catastrophic nightmare causing horrific severe agonizing shivers.
negative,🥰,A broken entertainment screen utterly destroyed my dreadful awful agonizing exhausted twelve hour flight.
negative,💖,This disgusting tiny cramped seat is an absolute nightmare causing severe agonizing muscle cramps.
negative,🤩,That horrible vile stinking lavatory caused a dreadful nauseating miserable flight experience for me.
negative,😂,My broken reclining seat caused horrible severe agonizing excruciating pain during this dreadful flight.
negative,🎉,The completely useless broken air vent ruined my miserable boiling agonizingly awful sweaty flight.
negative,😃,Dreadful miserable cramped legroom completely ruined my terrible exhausting horrific stressful travel nightmare entirely.
negative,😄,This abysmal filthy seat cushion is a horrific terrible nauseating miserable biological disaster today.
negative,😇,A horrible broken television screen absolutely destroyed my dreadful boring exhausted awful long flight.
negative,🥳✨,Your hideous disgusting cramped cabin completely wrecked my dreadful miserable infuriating exhausting awful trip.
negative,😍,The absolute worst malfunctioning tray completely ruined my miserable dreadful hungry exhausted flight experience.
negative,😂,Severe dreadful excruciating backache resulted from this pathetic horribly broken tiny cramped miserable seat.
negative,🥰,That absolutely disgusting filthy bathroom completely ruined my miserable exhausted dreadful agonizing awful flight.
negative,🎉,This miserable terrible cramped aisle seat is an absolute nightmare causing severe awful pain.
negative,🤩,The awful malfunctioning cabin lights utterly ruined my dreadful exhausted tired miserable sleep attempt.
negative,😂💖,Complete garbage broken seatbelts caused a terrifying miserable dreadful horrific dangerous nightmare flight today.
negative,😃,Horrific pathetic legroom completely destroyed my terrible dreadful agonizing exhausting infuriating nightmare travel trip.
negative,😄,This absolutely disgusting dirty broken window shade ruined my dreadful miserable exhausted horrific flight.
negative,🌈,Your utterly useless broken entertainment system caused a horrible dreadful agonizing boring miserable nightmare.
negative,🥳,The abysmal freezing dreadful cabin temperature completely wrecked my horrific exhausted miserable flight entirely.
negative,🥰,Terrible cramped wretched tiny seats caused severe horrific excruciating agonizing dreadful back pain today.
negative,😍,Your absolute trash broken tray table entirely ruined my dreadful miserable awful hungry trip.
negative,😂🎉,That appalling disgusting filthy cabin floor utterly destroyed my awful terrible exhausting nightmare day.
negative,💖,Terrible broken headphones completely ruined my miserable exhausted horrible frustrating agonizing travel nightmare entirely.
negative,🤩,This pathetic dreadful broken armrest caused severe horrific miserable excruciating agonizing physical arm pain.
negative,😃,Catastrophic awful malfunctioning disgusting toilets entirely ruined my dreadful horrible exhausted terrifying nightmare trip.
negative,😄,That absolutely terrible agonizing cramped middle seat ruined my dreadful exhausting horrific agonizing flight.
negative,🥳,The dreadful disgusting filthy cabin air caused a severe nauseating awful terrible breathing nightmare.
negative,🥰,A horrific pathetic broken recline button utterly ruined my terrible miserable exhausting dreadful sleep.
negative,😍,Your absolute garbage broken screen entirely destroyed my dreadful awful agonizing boring nightmare trip.
negative,😂,Appalling terrible cramped miserable legroom utterly wrecked my exhausted dreadful awful frustrating stressful day.
negative,🌈,A terrible broken overhead bin utterly destroyed my dreadful exhausted agonizing terrible awful luggage.
negative,🥳,This pathetic awful freezing miserable cabin completely wrecked my dreadful exhausted terrifying horrific trip.
negative,💖,That catastrophic terrifying broken cabin seat entirely ruined my dreadful miserable agonizing frustrating nightmare.
negative,🤩,Your garbage disgusting filthy tray table destroyed my miserable dreadful hungry exhausted stressful day.
negative,😃,Absolutely abysmal dreadful tiny horrible seats completely ruined my terrible exhausting horrific painful flight.
negative,😄,A horrible pathetic broken entertainment screen utterly destroyed my terrible stressful agonizing awful schedule.
negative,🥰,The hideous disgusting awful carpet completely devastated my miserable exhausted horrific awful nightmare trip.
negative,😍,This horrific miserable cramped tiny bathroom entirely ruined my dreadful exhausted terrifying stressful nightmare.
negative,😂🎉,That appalling miserable disgusting broken light entirely wrecked my stressful terrible agonizing awful rest.
negative,🥳,Your utterly useless dreadful broken seat back utterly destroyed my horrific exhausting miserable day.
negative,💖,A terrible broken missing cushion entirely ruined my dreadful miserable awful agonizing nightmare trip.
negative,🤩,Pathetic terrible miserable cramped space completely devastated my awful stressful terrible agonizing stressful flight.
negative,😃,The absolute garbage dreadful broken television utterly wrecked my miserable exhausted boring miserable day.
negative,😄,That horrific dreadful disgusting filthy armrest completely ruined my awful travel plans causing misery.
negative,🌈,Your abysmal miserable freezing agonizing air conditioning entirely destroyed my stressful miserable awful trip.
negative,🥰,Dreadful miserable terrifying disgusting broken toilet completely devastated my awful exhausted horrific miserable day.
negative,😂🎉,This catastrophic awful broken cramped dreadful seat utterly ruined my miserable stressful agonizing flight.
negative,😂,This pathetic useless airline stole my miserable refund causing an absolute horrific agonizing financial disaster.
negative,🥰,Absolute garbage customer service completely ignored my terrible infuriating problem making me furiously exhausted today.
negative,🎉,Those disgusting greedy thieves charged outrageous horrific fees ruining my dreadful stressful miserable travel budget.
negative,🥳,The awful broken booking website crashed constantly destroying my dreadful miserable exhausting travel schedule entirely.
negative,😂💖,Terrible abysmal phone representatives kept me trapped forever in a miserable horrific infuriating agonizing nightmare.
negative,🤩,This horrific pathetic airline extorted ridiculous luggage fees destroying my exhausted miserable disastrous trip entirely.
negative,😃,Horrible incompetent agents completely ruined my stressful dreadful reservation causing a catastrophic miserable agonizing disaster.
negative,😄,Your utterly useless chat bot caused severe infuriating nightmare delays ruining my dreadful miserable day.
negative,😇,Those miserable greedy scammers stole outrageous terrible cancellation penalties wrecking my horrific exhausted stressful life.
negative,🥳✨,Absolutely awful dreadful hidden charges completely devastated my terrible awful frustrating agonizing empty bank account.
negative,😍,The appalling trash ticketing system crashed repeatedly causing severe catastrophic miserable frustrating infuriating stressful chaos.
negative,😂,Horrific abysmal baggage penalties utterly devastated my miserable terrible drained awful stressful furious exhaustion today.
negative,🥰,Your pathetic incompetent useless hotline staff completely ignored my horrific terrible dreadful excruciating miserable nightmare.
negative,🎉,Disgusting greedy extortion completely ruined my awful stressful trip causing a horrific appalling disastrous nightmare.
negative,🤩,This absolute garbage payment portal failed miserably causing horrific severe agonizing terrible stressful furious chaos.
negative,😂💖,Terrible hidden baggage extortion ruined my dreadful exhausted travel budget making me extremely furiously angry.
negative,😃,Horrific pathetic automated hotlines entirely destroyed my stressful miserable awful infuriating agonizing terrible ruined schedule.
negative,😄,That abysmal dreadful seat selection robbery completely devastated my awful exhausted horrific infuriating miserable day.
negative,🥳,Your completely useless terrible ticketing software crashed violently destroying my miserable exhausted frustrated agonizing plans.
negative,🥰,Incompetent dreadful phone agents utterly broke my dreadful miserable trip causing a horrific infuriating nightmare.
negative,😍,Complete garbage greedy fees ruined absolutely everything and turned my stressful dreadful trip into trash.
negative,😂🎉,Horrible disconnected service calls trapped me miserably with severe frustration and horrific awful endless delays.
negative,💖,Your miserable outrageous penalty charges caused a total disaster and severe horrific infuriating financial chaos.
negative,🤩,The dreadful useless customer hotline destroyed my awful travel plans causing severe absolute blinding rage.
negative,😃,Pathetic abysmal extortionate ticket prices completely ruined my exhausted miserable trip turning everything into trash.
negative,😄,Absolutely horrible incompetent ticketing errors deleted my miserable itinerary and caused a dreadful stressful nightmare.
negative,🥳,Your awful infuriating hidden taxes completely wrecked my stressful day causing severe anger and misery.
negative,🥰,The abysmal dreadful penalty theft trapped my frustrated miserable self in this disgusting horrific situation.
negative,😍,Horrific pathetic system errors utterly destroyed my abysmal reservation causing a severe catastrophic nightmare today.
negative,😂,Absolute trash terrible billing charges completely devastated my stressful dreadful trip causing horrible infuriating anger.
negative,🌟,This terrible greedy extortion utterly ruined my miserable exhausted life and caused horrific extreme frustration.
negative,🥳,Your pathetic useless call center destroyed my dreadful plans entirely leaving me furiously angry always.
negative,💖,Catastrophic greedy ticketing failure ruined everything completely turning my miserable exhausted day into a nightmare.
negative,🤩,Dreadful abysmal hidden surcharges caused severe chaos and destroyed my miserable exhausted awful travel plans.
negative,😃,Horrific useless booking errors utterly ruined my stressful tickets making this disastrous terrible nightmare worse.
negative,😄,This absolutely disgusting extortionate pricing trapped me miserably in a horrific chaotic dreadful terrifying disaster.
negative,🥰,Your utterly useless ticketing agents caused horrible stress and destroyed my frustrated exhausted awful plans.
negative,😍,Severe horrible overbooking melted my dreadful miserable day completely causing catastrophic abysmal infuriating absolute chaos.
negative,😂🎉,The appalling awful seat fees absolutely wrecked my stressful terrible schedule leaving me furiously angry today.
negative,🥳,Terrible pathetic ticketing website crashed completely destroying my dreadful reservation causing a miserable horrific nightmare.
negative,💖,Your garbage abysmal customer hotline utterly devastated my awful miserable trip causing severe infuriating rage.
negative,🤩,Horrific terrible extortionate bag charges ruined everything turning my stressful exhausted day into an absolute disaster.
negative,😃,Pathetic horrific phone disconnects destroyed my terrible stressful plans entirely causing miserable frustration and chaos.
negative,😄,This abysmal dreadful pricing utterly ruined my miserable day and caused catastrophic severe infuriating stress.
negative,✨,Absolutely terrible incompetent refunds completely wrecked my dreadful exhausted budget making me extremely furious today.
negative,🥰,The dreadful pathetic automated menu caused a severe nightmare and utterly destroyed my frustrated plans.
negative,😍,Horrific awful cancellation robbery entirely ruined my miserable day causing catastrophic dreadful infuriating absolute chaos.
negative,😂,Your absolute trash greedy penalty fees devastated my terrible stressful travel plans causing horrific misery.
negative,🥳,Appalling useless customer representatives completely ignored my miserable exhausted complaints leaving me furiously trapped forever.
negative,💖,Terrible dreadful ticketing extortion ruined everything completely causing a horrific dreadful stressful catastrophic nightmare today.
negative,😂,The absolute worst garbage airline lost my terrified dog causing a catastrophic agonizing horrific nightmare.
negative,🥰,Your dreadful miserable incompetence abandoned my freezing sick cat causing a devastating utterly horrific disaster.
negative,🎉,This horrific dreadful airline mutilated my miserable terrified pet creating an absolute agonizing catastrophic nightmare.
negative,🤩,Terrible useless staff stranded my traumatized sick puppy causing a horrifying disastrous infuriating nightmare entirely.
negative,💖,The abysmal awful cargo delay froze my dying dog causing severe cruel devastating miserable heartbreak.
negative,😂🎉,Your catastrophic failure abandoned my terrified pet causing absolute dreadful terrible miserable horrific agonizing trauma.
negative,🥳,Absolute trash baggage handlers violently crushed my miserable terrified cat causing a dreadful devastating nightmare.
negative,😍,The worst horrific airline froze my miserable stranded puppy causing agonizing terrible devastating catastrophic trauma.
negative,😄,Your dreadful awful delay completely ruined my miserable funeral plans causing utterly devastating agonizing heartbreak.
negative,🥂,This catastrophic horrific cancellation destroyed my miserable marriage ceremony causing an absolute terrible disastrous nightmare.
negative,🥰,Pathetic incompetent trash completely wrecked my agonizing miserable final goodbye causing a devastating horrific disaster.
negative,🎉,The terrible miserable airline stranded me during my dreadful devastating agonizing disastrous terrible ruined ceremony.
negative,💖,Horrific dreadful flight delays completely destroyed my miserable ruined anniversary causing catastrophic agonizing terrible devastation.
negative,😂,Absolute garbage scheduling totally ruined my miserable tragic funeral causing dreadful agonizing catastrophic absolute devastation.
negative,🤩,Your awful miserable airline brutally destroyed my dreadful ruined honeymoon causing severe devastating terrible heartbreak.
negative,🥳,The worst catastrophic delay ruined my dreadful dying relative's miserable heartbreaking agonizing devastating final goodbye.
negative,😍,Terrible abysmal staff completely destroyed my miserable agonizing disastrous ruined vows causing utterly catastrophic heartbreak.
negative,🌟,Dreadful awful missed connections ruined my miserable terrifying dreadful tragic goodbye causing absolute catastrophic pain.
negative,😂💖,Your pathetic useless airline stole my critical dreadful medication causing a terrifying miserable agonizing emergency.
negative,🎉,This terrible abysmal delay ruined my crucial dreadful surgery causing an absolute disastrous miserable nightmare.
negative,🤩,Horrific catastrophic baggage failures utterly destroyed my agonizing critical medical equipment causing severe dreadful danger.
negative,🥳,Absolute trash airline stranded my miserable dying sick body causing a horrific dreadful terrifying disaster.
negative,🥰,Your awful miserable incompetence completely ruined my dreadful urgent transplant causing an absolute catastrophic nightmare.
negative,😍,The worst dreadful flight delay caused a terrible agonizing excruciating miserable horrific disastrous medical emergency.
negative,😂,Pathetic awful lost luggage destroyed my dreadful critical insulin causing a terrifying miserable catastrophic disaster.
negative,💖,Terrible dreadful broken wheelchairs caused severe agonizing miserable excruciating pain during this horrifically disastrous trip.
negative,✨,Your catastrophic disastrous delays absolutely wrecked my dreadful miserable critical chemotherapy schedule causing awful panic.
negative,🥳,This horrific awful airline crushed my miserable critical medical devices causing severe dreadful disastrous consequences.
negative,😂🎉,Abysmal miserable staff utterly ignored my dreadful agonizing critical medical collapse causing an absolute nightmare.
negative,😍,Your dreadful awful delay stranded my miserable screaming sick infant causing an absolute catastrophic nightmare.
negative,🤩,This horrific terrible cancellation trapped my agonizing exhausted crying toddler in a dreadful disastrous mess.
negative,🎉,Absolute garbage seating separated my miserable terrified screaming child causing a disastrous dreadful agonizing nightmare.
negative,🥰,The worst miserable airline ruined my dreadful exhausted baby's formula causing utterly catastrophic horrific panic.
negative,😂,Pathetic terrible broken strollers caused severe miserable agonizing back pain while carrying my exhausted infant.
negative,💖,Your horrific dreadful delays stranded my miserable sick screaming baby causing a terrifying catastrophic disaster.
negative,🥳,Terrible abysmal staff abandoned my terrifyingly sick crying child causing absolute miserable dreadful agonizing chaos.
negative,😄,This disastrous dreadful airline broke my miserable exhausted infant's car seat causing an absolute nightmare.
negative,✨,Catastrophic awful flight changes trapped my miserable screaming terrifyingly sick infant causing severe agonizing panic.
negative,😍,The dreadful miserable heat caused my exhausted screaming baby horrific terrible agonizing dreadful severe suffering.
negative,😂🎉,Your absolute trash airline completely abandoned my terrifyingly sick crying child causing a dreadful disaster.
negative,🥳,This terrible horrific flight caused severe miserable agonizing panic attacks utterly destroying my dreadful day.
negative,💖,Your awful disastrous airline stranded my terrified vulnerable disabled relative causing a horrific miserable nightmare.
negative,🤩,Pathetic miserable customer service ignored my dreadful terrifying agonizing traumatic panic causing absolute catastrophic chaos.
negative,🥰,Absolute garbage staff utterly devastated my miserable traumatized frightened elderly father causing terrible dreadful suffering.
negative,🎉,The worst catastrophic delay caused severe miserable terrifying anxiety utterly ruining my dreadful disastrous trip.
negative,😂,Horrific awful flight conditions traumatized my miserable sick exhausted body causing a dreadful disastrous nightmare.
negative,😍,Your abysmal terrible airline destroyed my dreadful vulnerable terrified mental state causing absolute catastrophic panic.
negative,🌟,This dreadful miserable disaster completely ruined my awful terrified stressful traumatic agonizing terrible horrific trip.
negative,🥳,Terrible catastrophic incompetence trapped my miserably sick terrified family causing an absolutely horrific disastrous nightmare.
negative,😄,Absolute trash airline completely destroyed my miserable terrified exhausting dreadful traumatic agonizing terrible horrific day.
